yActual,RandomForest,RidgeManual,RidgeBuiltin
0.87527352297593,0.9355928770518516,0.9153378160945902,0.9562282450035968
1.209482341557813,1.0479816876040728,0.9589837486883452,1.0010722926225906
0.7766103243490178,1.1195677618580502,1.009137172570902,1.0503190757810985
1.0756501182033098,1.0341568478592256,0.9253731256036889,0.9711936956054534
1.0729023383768914,1.0574957693725595,0.9997917328443656,1.041133469590577
1.359458151910982,0.8910771358202594,1.0539561741673513,1.095416636382852
0.9098428453267164,0.9563630818697276,1.003287008224983,1.0462797688765437
0.7475365273530411,1.2005926729780505,1.0379647859902847,1.0797866779481504
1.1309593837535017,0.9469998016872266,0.9165039770844311,0.9591382370854408
0.8069164265129684,1.158128502270025,1.1531274774278826,1.1949923553667048
1.1237980769230769,1.0497706179235664,1.0525639284886934,1.0936001431323537
0.9374253642225936,1.0495032233043071,1.0057346596382408,1.0511118084020985
0.7285464098073555,0.9705270093178432,0.9592686583128699,1.0017554855701372
1.247216035634744,0.954374591654412,1.1511396012184807,1.1931454642748944
1.0668855149774312,1.3066576049641532,1.1247816564910944,1.165265654108518
0.871313672922252,0.9969197782070914,0.9458190528864685,0.986771490969541
1.3426514188903007,1.0026649065071482,1.005255032289659,1.0467967983723692
1.1977351916376306,1.0075728358207907,0.9613885765846184,1.0041035873140423
0.8035714285714286,0.6974420346153738,0.9523581144233942,0.9935105030213274
1.124813153961136,1.2882495393598357,1.051181247368051,1.0922825159101877
1.3846153846153846,1.3030175205615873,1.1306385790221802,1.1710043509173635
0.9544159544159544,1.086697885864217,1.0476473005740907,1.0885716521910989
1.1605415860735009,0.8958004986249913,0.9651260921501978,1.005987599439056
1.0376629647513278,1.0889610526595677,1.0312382144843784,1.0726810960862005
1.3710879284649775,1.2856541909769548,1.1252325544089732,1.1662423749586854
0.6550218340611353,0.7361181706129878,1.0671406271068742,1.1080997058841837
0.5533854166666666,1.0903554586159334,1.1051699161679946,1.1450035119616488
1.332327802916038,1.3021636059697506,1.195496828907132,1.2368317426096038
0.704225352112676,1.3104506322626144,1.1064231616174298,1.1471817000244757
1.1695906432748535,0.9016288473944174,0.950478563124845,0.9933555124969183
1.158878504672897,1.0338749067138016,0.9907965048217015,1.0332538398539861
1.37746062992126,1.1985492346212028,1.2034214695710581,1.2440217926234347
0.75,1.0759473542323663,0.9565877671077083,0.9984737178185091
0.5734310289901242,1.0014664827053428,1.064253749212473,1.1070307649471829
1.0662358642972536,1.0013455603816068,0.9777044883226035,1.019819566231009
1.35101789019124,1.1830173518058884,1.1058946667203566,1.1462775014355973
1.071214841412328,0.9110610876275368,0.9789111386325958,1.019768893856557
1.2453300124533002,1.134654630253676,1.0686449160982812,1.1107386325511948
0.7208333333333333,0.9865162712420212,0.9441011154753393,0.9854457673062911
0.7904245709123758,1.0119014762841323,0.9721440199109141,1.0121632585964273
0.9762654320987656,1.1541640955264072,1.1127049167001153,1.155429316663897
1.4993438320209973,1.3709787235957234,1.18503903610488,1.2274965124922805
1.1559139784946235,0.8991163412464341,0.987763583345885,1.0290748240370844
1.0711060948081264,1.0335964847532484,0.9445423603255637,0.9859945525134368
0.7761966364812419,1.207683329375677,1.0607832934645713,1.1014191744545132
0.5902657921988264,0.8930483977150074,0.9442018827353377,0.9851125001416916
1.289134438305709,1.1837639652423422,1.0389178822355183,1.079457153902524
1.2493326214628937,1.277537356394338,1.1882803118385556,1.2295879443955378
0.966183574879227,1.0540852062334387,1.052006765383399,1.093223238403708
0.735202492211838,1.0011577046970788,0.8971515689514233,0.9405771961477805
0.6771745475773496,0.8069791924558644,1.148284317175306,1.1881353059994453
1.0029411764705882,1.0085070730246262,0.9774587579425394,1.0203030752940816
1.278724981467754,1.003203553702119,1.026270513097262,1.0679023486187493
0.5562095350206003,0.9963689993694196,0.9768650221402,1.0179124462851967
1.0647010647010646,1.1904170070760254,1.04763896193076,1.0881393929163194
1.1214230471771076,0.9650785847884984,1.0229209961310344,1.0640937444247447
0.7860262008733624,1.0285306419418438,0.9489450638841753,0.989607730033302
1.1317876754118366,1.0110849123328247,0.9904475731990883,1.0300442076606375
1.0779029887310143,1.1124648921503335,1.0565747158472487,1.0977924470271714
1.155115511551155,1.2096160236861135,1.0911787336197156,1.1324577129198714
0.8023340627279358,1.149216253521253,1.09663595491825,1.1388795882693035
1.4288954411431165,1.1191838300981032,0.9733343737135296,1.020994156554357
0.8704061895551257,0.8892068411161962,1.0461857889387993,1.0872456183431067
1.4251781472684086,1.0549998101536089,1.0586136893605467,1.0995138027405869
1.08728943338438,1.238698140550309,1.0973713125041191,1.1389256453340364
1.0448264239973035,0.8344406594165729,0.9753259336006123,1.0175185702354508
1.1524822695035462,1.0771406155996266,0.9876095975058574,1.0303623493798921
0.8073496659242761,1.040230690741749,0.9056350027380717,0.9474248536238707
1.254752851711027,1.2890795844823526,1.1079457848681797,1.1504949210712154
1.110236220472441,1.121144647866881,1.1386942737351,1.1805797008847194
1.1070559610705597,0.9570429084029668,0.964096133200599,1.0040119998807835
1.4010743061772606,1.1701235274876536,1.1723134506589012,1.2145233138640417
1.2109920819748483,1.1372352081691302,0.9696929584745855,1.011405211617398
0.9087849209020532,0.8836476401220676,0.9437675008654985,0.9880361232754905
1.1791104050833996,1.016780841974991,0.9577820613437723,0.9999819981253525
0.9752240379546652,1.236436234604743,1.0132950297757508,1.0557847701564227
1.334106728538283,1.0790801234205616,1.016747262812216,1.0567935234503818
0.9954375777685608,1.0601840538485043,0.9029216988604722,0.9447713374100272
1.068117694478033,0.9090686744277058,0.8725126841301972,0.9163317608201025
0.9403254972875226,0.955593319003362,0.9204531066151227,0.9608693632873981
1.0505252626313155,1.3364305798310512,1.0480071803525086,1.0891697094258477
1.105527638190955,1.0213265766095243,1.0970917312320303,1.138098844372624
1.2745974955277282,1.21354969854191,1.0792015461006375,1.120168251866019
1.4271891630382196,1.370518900090698,1.1877729957536634,1.2285498050497434
1.2013455069678038,1.1306054695615266,1.0297158065309497,1.0712998108278755
0.9789702683103698,1.0835540860632036,1.1074388268566124,1.148527909711847
0.973709834469328,1.2681940621118162,1.0112492018214148,1.0535038907775847
1.410743353228432,1.1150813478102712,1.0299786721350896,1.073390240323113
1.3781697905181918,1.0424173282002314,1.1347766106016104,1.1770251934866294
1.1086057872980082,1.121901022140258,1.03209916727997,1.0748894782678917
1.0638297872340423,0.9870585231092214,0.9365468733782915,0.9809069765530728
1.1784511784511784,1.2367312953108636,1.0945192998562396,1.13661425694202
1.3315579227696406,1.263009249058524,1.1598228044329038,1.2021493986969254
1.0271158586688578,0.9716909397812772,0.962322389867641,1.00444633558389
1.1355815554026152,1.0892115205068464,1.003637950210531,1.04390237784571
1.25,1.3210435555080366,1.0208524858277408,1.0615593192304713
1.067907995618839,0.9913691343499462,0.9444773038071924,0.9855541180443657
1.1065573770491803,1.228939289116955,1.0456983989250173,1.0860338304347534
1.2105263157894737,1.2257274769623958,1.1893756957900525,1.2311494093383961
1.0677382319173363,1.1328787491646235,1.002633561024099,1.0437118687394507
1.3689655172413793,1.100673673876062,1.1005386973415299,1.143116788904415
1.3048635824436536,0.943839708879338,1.0867949750081203,1.129797681608957
1.4060446780551903,1.0485216461174118,1.0179526677441244,1.0606270800652158
1.49290259422418,1.1746999703662229,1.1203923502613664,1.1619794543699515
1.435602953240361,1.195786759579084,1.115070146955347,1.1573037598573788
1.2515644555694618,1.2219583605068312,1.1039657722094258,1.1460344565658165
0.7256274543281543,0.7836944039481984,0.7420223100999273,0.7926256353702174
1.2432867883995704,1.2862178115210547,1.108144497340452,1.1487434730390507
1.2339055793991416,0.9203537017837544,0.9917022718556506,1.0330731014204402
1.4038371548900328,1.1176815785466243,1.138261494779243,1.1783453386258662
1.3157894736842106,1.24345264381541,1.1317310680911896,1.173837270121491
1.3304949441192124,1.2611295425301774,1.166708809579593,1.2081641255679414
1.038948717948718,1.1047856912811096,0.9952230557769526,1.0361389081186256
1.4412955465587045,1.1819637866427108,1.2221828721146428,1.2634636194620372
1.2618296529968454,1.208362940878233,1.0504836306234193,1.0914166001127235
0.8857615894039735,1.227068074969532,1.1772243004481704,1.2181295552672622
1.1890547263681592,1.127902984131362,1.0532449905188543,1.0943466837471458
0.7174048658764816,1.06758128487964,1.0334350335894968,1.0732084682429184
1.2338501291989663,1.1534821503548496,1.1170774105410273,1.157697718918201
1.377567655689599,1.019133949733149,1.153350829088633,1.1958526626437165
0.9753424657534246,1.031910462538906,0.9616144044709558,1.002801434776519
0.5870607028753994,0.979074532313887,0.9895631461928066,1.0321292936935553
1.2031139419674453,0.9441850729171888,1.073362527483952,1.113448771990792
1.2029491656965463,1.140082954560234,1.092199534571571,1.1376741097470604
1.0662251655629138,1.155577129450614,1.0493108538642577,1.0888867279326908
0.7637231503579952,0.9686812071452248,1.0279882308367188,1.0684582954721387
1.0782983970406903,1.1202629468968752,1.0320276868094704,1.0721233058750663
1.0061486864169928,0.8335267707328116,0.9377526858413088,0.9826586734342951
0.8451347647327547,0.822364320741574,0.9543962262583348,0.9969100198950086
1.1351909184726523,1.159443849828689,1.053784034662127,1.095981229884477
1.0,0.8233467915823727,0.9456189218828835,0.987396013611141
1.41540487162607,1.05173263919244,1.099235216266556,1.1393859750597173
1.1013473930872877,1.1049451595638842,0.9903603730459427,1.0305815118476505
0.6982726938625505,1.056636298461184,0.9405174252031788,0.9809257098934239
1.1077158135981666,1.0822470165514988,1.0282409472574903,1.0705395165831588
1.2857142857142858,1.23121455537416,1.1618777016740462,1.203780847014856
1.0046367851622875,1.0023100688388171,0.9047884593464478,0.9460403611450849
1.0349432450478522,1.1626587682283782,0.980743272317644,1.0282941222203876
1.439013248058474,1.2490523074147963,1.0635745941812085,1.1047213073871318
1.3006644518272426,1.1371973295021025,1.0231172521922984,1.064463535678157
1.1583011583011582,0.9145112695209664,1.0539036474877106,1.0948156741596797
1.4411027568922306,1.2345360575582829,1.0974119100495439,1.1389624796075917
1.217312894499549,1.0505328794204918,0.9675830354128737,1.0092991446100992
0.7619548081975828,1.0245046732227283,0.9912904951046613,1.0322748015522045
1.1440677966101696,1.0796226003350855,1.0782273900256525,1.1202822268072306
1.4008620689655171,1.222348705920748,1.1218303648721337,1.1638620192528306
1.0401548137397194,1.0465070927596438,0.9881968087073894,1.030045740649469
1.2160011574074074,1.1006105120638277,0.9952100727305914,1.0412667368513004
1.3064133016627075,1.311475283585249,1.1573097015194813,1.1983189210068181
1.2349588347055098,1.2636024242024133,1.0536495127659748,1.0938643207857235
0.7654723127035831,0.8655830807904381,0.9808841791372516,1.0215590393671752
0.911664779161948,1.0437870751731202,0.9520718014854457,0.992869321945551
0.9248982611912688,1.0156849669522072,0.9524658825086525,0.9946541099813557
1.1018957345971565,1.083359776764113,0.9849301248046479,1.0259507140753716
1.1111111111111112,1.1924878716720442,1.1359343672497797,1.1785003231314444
1.0448678549477566,0.9967923550836852,0.9220581630695158,0.963175022973981
1.068888888888889,1.1105756797189346,1.100638688307249,1.1414654515067533
1.0755377688844423,1.1825813276331485,1.0520142236528223,1.0934629713665598
1.326699834162521,1.1830117425385722,1.181762952590754,1.2228253377929301
1.064818443804035,0.9130165075241976,0.9846382989517417,1.0266639378218112
1.3617700729927007,1.0857376647563683,1.1087542524892888,1.1503790589474974
1.134020618556701,1.0491830659298993,1.0128866210545426,1.0542885813576373
1.0807504078303425,0.9975398124949028,1.0589752494860423,1.098929343584325
1.1606313834726092,0.9871369294266618,0.9816709835652202,1.0249687110985688
1.2857142857142858,1.1360303123444222,1.057051010402426,1.0977998968929588
1.1570631970260223,1.3074953146450798,1.1161858528509643,1.1578913495316627
0.9150043365134432,0.8958779083304339,0.96687728453088,1.0073049242450134
1.0263275323516288,0.7696861285897117,0.9076427704935721,0.9496712008712506
0.7605633802816901,1.14694717898305,0.9878121732808092,1.0315817455132872
1.0449927431059507,1.0107670270410087,0.9636945173677327,1.006195774236157
1.0252904989747096,1.0246960965165863,0.9408105460170096,0.9841589982580654
0.5653883972468043,0.827912460791226,0.9584994732287232,0.9993588272628289
1.3958990536277602,1.014507414435248,1.1883786257840558,1.2295239885742058
1.3966480446927374,0.9687910325165396,1.0174932542411628,1.0604432188821815
0.9075770191507078,1.0401734829198697,1.0324039405052254,1.0728893755697697
1.0634573304157549,0.8744316927100867,0.9130133949299194,0.955965705315333
1.3414634146341464,1.3432904942512671,1.1930653899696013,1.2352035407942397
0.5638413968715896,1.1137796253776693,1.0319285880539206,1.0752392145250558
1.2151536812008576,1.000060836820077,1.031975194833005,1.0735029169017622
0.6637168141592921,1.1067170294554551,1.1117491178061818,1.1530164994487664
1.4052411697683251,1.0477913628609512,1.1669810979665256,1.2098384107830802
1.1100614076523383,1.2450457664777868,1.0537343408746422,1.0960647535752732
1.1538461538461535,1.070770251374919,0.9907957782181378,1.0328284870054985
0.9334233018443544,1.0749836790326186,0.9926937515178196,1.0394083647393573
0.8871701546860783,0.9763116510287726,1.10784480231086,1.1488962524474005
0.8098271155595996,1.182082996446856,1.0495242104464224,1.0898498844945455
1.0200927357032457,0.915299265202671,1.1605190874187283,1.2025048871631534
1.0493179433368311,1.2443311504185008,1.0642860079115792,1.1066353397617874
1.0771992818671454,1.0855852373943708,1.0369548988764354,1.0798627177988134
1.0309278350515465,1.0923246008658187,0.9587374766732149,0.9999196523971678
1.247884940778342,1.1292266516825782,1.0234801584528732,1.0657953451603075
0.989282769991756,0.9551741479785478,1.1039551156881908,1.146369671774629
1.125455147302218,0.973207652961835,0.9886441083106254,1.0308762705070653
1.050583657587549,1.0636707629183229,0.9993843041829908,1.039914421158048
0.8593141075604053,1.1315489987073413,0.9719048637950123,1.0139899298399255
1.2664683382915427,0.9952037733345248,1.0058030991528932,1.0472940610653663
1.165146909827761,1.0296150984967207,1.0316427367314989,1.0721987331247784
0.9572301425661914,1.015822214252721,1.013500912385362,1.0546974872629304
1.008036739380023,0.999521182008144,0.8859813480393113,0.9333299508168889
0.8645533141210374,0.8921769494881439,1.0792273580380072,1.1210410583112993
1.0055304172951232,1.0865316274388417,1.0234855365153757,1.0664964555341065
0.8266533066132264,1.1140886454947674,1.0969226093844715,1.1381371271640386
1.047486033519553,1.0448459118725155,0.9776015412519145,1.018876774850145
0.9694477085781432,1.277286846088597,1.1730420266658563,1.2139102722425743
1.394700139470014,1.2862563635978654,1.1142306195988623,1.1562602868251886
1.0845006778129236,1.0112279085988078,0.9649073575055306,1.0043233325034024
1.00080064051241,0.9364854779933184,1.0332148731755872,1.0754770679421757
0.7253384912959381,1.239624974458854,1.0115333846393881,1.053761730692472
1.0679886685552409,1.003274665763929,0.9489465170913025,0.9904584357302777
1.0049220672682526,1.244343680383546,1.0523585759823815,1.093350709659121
1.431980906921241,1.276570947746954,1.126618625683312,1.1674368450088224
0.9883720930232558,0.8319929385488929,0.9777825922336892,1.0194026200083475
1.1150234741784038,1.0124480444547606,0.9765557543943959,1.0172071531418596
1.261373035566584,1.3686559963740652,1.1231396357120822,1.1650499245749903
1.0844748858447488,1.1780756333016982,1.1309785602937044,1.1723051303637417
0.6648501362397821,0.8423253659043312,0.9094105744625748,0.9508504410645172
0.6053709604005462,0.9702547342634796,0.9501651700576089,0.9919888167854257
1.1420943340255116,1.1604673187792267,1.0147850407598717,1.0596050134450274
1.166333998669328,1.0239491533090352,0.9901317233148687,1.0307987508663794
1.1676646706586826,1.0973677512858366,1.0333275348666264,1.073727355477325
0.9179370742783004,1.103684827752434,1.0603035737206195,1.1040198950325482
1.0158730158730158,1.1141177009548169,1.0961904003596987,1.1366234045430668
1.297112090063632,1.3174002343178328,1.0420214261815888,1.0839717829392643
1.3491209185504127,1.0525434961402311,1.0614707647912227,1.1011137223366918
1.0,1.3031836365242986,1.0912273504315213,1.1321204146009267
1.1438739196746317,1.0019930052497448,1.031510709936363,1.0714625236763953
1.4074836937864743,1.2824907690292933,1.1727036791956054,1.2134115610317182
0.9654686398872444,1.353913362265852,1.1966223576483728,1.2377243271680243
0.8729887024991442,0.9327985878259236,0.9598754416835507,1.0010319411280038
1.060702875399361,1.0597722751795546,0.9992120911556683,1.0394620891796902
0.5473897617840852,1.02572663662369,0.9727794560663294,1.0133562128527251
1.436656508489334,1.2957031276332325,1.1481897744462886,1.1886273770556102
1.2106194690265486,1.0029288038329611,1.051749105869119,1.0931426195171636
1.2544378698224852,0.9446428976756251,1.0767296786252663,1.119391327505964
1.056338028169014,1.1750274776825684,1.0382298382070985,1.0794493106567464
1.2493875551200393,0.9935843159471188,0.9536125436982174,0.9949249015836049
0.6893382352941176,1.0610378748524103,1.0323497760559357,1.072648504457972
1.221556886227545,1.1154320520866248,0.9985933786507715,1.0396215056722067
1.3002680965147453,1.0551649145880342,1.0675255771848458,1.1080242786344716
1.07342206955775,1.09842366579434,0.9787556995854412,1.020205713502389
1.4285714285714286,0.9554383661898412,0.996195978363195,1.0381527982368464
1.1938202247191012,1.0707400510124752,1.0204182420251153,1.062439409335215
0.9187279151943464,0.9930548050046972,0.9769070580614873,1.0176790483586455
0.9223892726533928,1.1915526484407546,1.1517961627705369,1.1952116867764075
1.096444780635401,0.9681979228203256,1.0130347672165407,1.0546992459655318
1.105305466237942,1.0431818153381114,0.9546581499615897,0.996643160753344
1.181455633100698,1.1816076139489051,1.124286381268177,1.165937213868225
0.5110574242705817,1.1975489213967494,1.0335145218897235,1.0795656662879873
1.3876251137397635,1.0348801179752314,1.2643638302538724,1.3044016319874905
0.996102208748376,0.948750664028474,0.9805100902179351,1.0209480901366819
1.049552649690296,1.1660557476612303,1.0190042790697929,1.0617343665008314
0.5087209302325582,1.3133437863400477,1.1834574768779986,1.2246343219549822
1.4316702819956617,1.1523397991464377,1.1703086434842291,1.2120081155176423
1.0607734806629834,0.9619844740080072,0.9856157386899779,1.0252355762590644
1.2041625371655105,1.0310687089127073,0.9773383838102171,1.0190627049205232
1.1422413793103448,1.0780061233072675,0.9977708782930892,1.0381544724684755
1.1522633744855968,1.2195064563780398,1.0909554471198795,1.1322551244153172
1.155527795128045,1.0900801712340769,0.9947862321008055,1.0350218005136704
1.0903426791277258,1.3589682891367554,1.2203559825705286,1.261806077152047
1.1904761904761905,1.2380533186627976,1.1610048047566983,1.2020961927488418
1.45413870246085,1.234050287105639,1.137413997847093,1.1785687155707507
0.6793478260869565,1.0423317526331903,1.0367055354785535,1.078219462619447
1.3165593914569924,1.129227024755794,0.9795418537938068,1.0211905307936404
1.3983050847457628,1.3546498337609882,1.0758459288894069,1.116279819417721
0.9021986353297952,0.931562101032372,0.9774931309569834,1.0201811056760715
0.9946236559139784,1.069839751679201,0.9598756611522354,1.0018017177536929
1.151631477927063,0.9042734975216596,0.980684809596681,1.0223806943447555
1.3665822784810129,1.1091060413232834,1.1188380407387541,1.1597198375253128
0.5008347245409015,1.0240826956119593,0.9294190977419912,0.9727411501501595
1.337295690936107,1.1325879047808771,1.1654922867332618,1.2070170856736824
0.9703628002043944,1.2027589424389424,1.098221730838064,1.1393158239178094
1.167621776504298,0.9960868864869324,0.9848163364472142,1.026553934527499
1.4423076923076923,1.1731021721658634,1.0742024549032676,1.1152133841872176
0.6954779622209502,1.1528072408370311,0.934808998364285,0.9767820357971616
1.2949640287769784,1.024099164999792,1.08649431866904,1.127634393277705
1.0,1.3033661580321887,1.0775560773190167,1.1188237555965916
0.9302325581395348,1.176340536098726,1.09044797780207,1.1317946959958753
0.8728027658266749,1.173756946536575,1.1334032866968713,1.1746337028435643
1.0555555555555556,1.0278972610672636,0.9764416394962296,1.0181061599097347
0.8778625954198473,1.2065609253084857,1.111224763264793,1.1538946415092968
1.106951871657754,1.001991959495175,0.9211574050304039,0.9623577625294719
1.3398294762484777,1.048562571759474,1.0069434897589238,1.05233719457311
0.9545628102329132,1.1550874839275584,1.0924628844500437,1.1334743843388277
1.393901680149347,1.0797850209292297,0.9946658926716584,1.03576200338998
1.3616071428571428,1.235134042913337,1.0585085971823422,1.0992755260641276
1.266891891891892,1.2417310184422847,1.082706914066192,1.1225048116485732
1.2323707186030892,0.9832705550213744,1.0531630686214537,1.0938476621673758
1.0087747389995516,0.9717092344640814,0.9006807293988031,0.9818149127110866
1.102803738317757,1.2554663183315182,1.0610057262412584,1.103659130458516
0.7608406238113351,1.243158949659329,1.109558084091687,1.1511083777480644
0.6206361520558572,1.1872907857324049,1.0685644707824036,1.1100980244472198
1.2240107310529846,1.1041829469767217,1.040402818526461,1.0832727929069341
1.183704842428901,1.222322185477788,1.1035474675581312,1.144380846716411
1.079447322970639,1.1139524909319574,1.0769594665061004,1.1185642162017617
1.2703830109973455,1.344764672009752,1.1330048392502998,1.1740006530489377
1.2114537444933922,1.023214262624999,1.1926699214376082,1.2335706502237087
1.2486328837039735,1.1527694366525816,1.1619634601518316,1.2053657027860878
0.9313432835820896,0.9695273744336348,0.9677811714179897,1.0083965607454037
0.6273764258555133,1.1530321073372174,1.0583853513389407,1.098314317546486
1.1916342412451362,1.2084467737076918,1.0401092013939284,1.0804582316169256
0.9943181818181818,0.953581716049932,0.9525463509959384,0.9943024256799786
0.8139350752177356,0.9084119778592264,1.023159253254135,1.0644583582641136
0.6359102244389028,1.0787023290845068,0.9560554471620175,0.9994565506933889
1.4292300599354542,0.9969629188493326,1.0146715746977346,1.0566090198541285
1.0901883052527257,1.1791416473007867,1.0699237387791611,1.111898912168188
1.0728542914171657,0.9601568909173352,1.0187793198941448,1.0599112956736123
1.0314111579934364,1.080662496876421,0.9790423540516627,1.019463252397124
1.077812828601472,1.02270174309644,0.9226555236574039,0.9628676228119467
1.031746031746032,1.0725732626009847,0.9735577605639443,1.01464022079033
0.5027322404371585,1.0802996520980328,1.0969302871225795,1.1391466367525798
1.0268562401263823,0.9037800897385888,1.1081371044349306,1.1491614590328276
1.3249348392701998,0.921157882223331,1.0411205185434964,1.0822251898685902
1.0725010725010724,0.9769094504520068,0.9652594026074501,1.0063415184657583
0.7120743034055728,1.0906016973729045,1.0031994967199436,1.0435045676913122
0.8943911066195048,0.8897853753929106,0.9390392628005331,0.9806201672857993
0.5515191545574637,0.8147568632732974,1.140285874123064,1.1804536012605555
1.0694444444444444,0.8472176141565088,0.9567433759328323,0.9979139574137919
1.0101010101010102,0.9935425456677494,0.980871096865735,1.0226926395683253
1.1010362694300515,1.19989374305661,1.090757595308416,1.1359411403715294
1.0348905972797162,1.0828432912204808,1.0441605631265,1.0856796621906508
1.3390160740379933,0.9148383282301558,1.052190180941374,1.0938143454831948
0.8894337940258582,0.8280904104736571,0.909207586735451,0.9506662696967405
1.2965286491007946,1.216031194302862,1.0401070331150044,1.0821550387266823
0.9727626459143968,1.1512606091960322,1.130327581062956,1.1728456495397488
1.0,0.89126958083055,0.9553224618429655,0.996624757839355
0.9407772979642196,0.8653466720791623,0.924757173236699,0.9651991493169233
1.3937282229965158,1.1912595544282163,1.0652745932244623,1.1072560349976137
0.99009900990099,1.0341087455681213,0.9756220108496264,1.0163599648500867
0.9592326139088728,1.1067170294554551,1.1117491178061818,1.1530164994487664
1.4540647719762063,1.1521318999689294,1.0548384441767764,1.0957924289841927
0.945067264573991,1.0019830070592743,0.88748995242132,0.9346987120538625
1.0240804445620535,1.1089471129741306,1.111757075742206,1.155714807532264
0.7142857142857143,0.6960961574945899,0.9550172536487163,0.9959231479392021
0.971986417657046,1.0047581788966775,0.9983882458161322,1.0401418490088346
0.6352941176470588,0.9663611099009672,0.9807594883189922,1.0245719185659163
1.0038240917782026,0.8857770368711063,0.9031491296843686,0.945594107217094
1.4632107023411371,1.4088361959284006,1.1039459847429556,1.1445094564891123
1.3215859030837005,1.0781481950346317,1.0520676617015363,1.0932784898140409
0.9308043554618896,1.30995378346777,1.1760872773387194,1.2193745551733284
0.8756567425569177,1.2011654378771568,1.0437482635375015,1.0834150796071216
0.7038442940038685,1.1866671898085863,1.0486154171333042,1.0892968708648614
1.0683760683760684,1.0991468046516533,1.0475707569421802,1.0887737411692993
0.7319304666056725,1.351889701035296,1.1724499445367007,1.2131813468219972
0.9828009828009828,1.015982150555821,1.0176274491122348,1.0594826210366364
0.8387434554973822,1.0165410969862116,0.918772391454347,0.9630813619102718
1.2861736334405145,1.2879592032172384,1.1801292047567318,1.2220392643719322
0.7523364485981309,0.9698070643513724,0.9123396027954538,0.9528915360263781
1.191996594295445,1.3406612957418005,1.1419571051513389,1.1817781865906887
1.2292891501870655,1.1947080224609392,1.026446250917129,1.067483946109695
0.6110154905335629,1.2532853331508873,1.0609585239465718,1.1013451955384888
1.0554089709762533,1.143432295909783,1.0294098717331368,1.0701728480792347
0.7457171649311387,0.8902040745298576,0.9171395585492148,0.9605587730213597
0.5990220048899756,0.8925806158322991,1.0537937839856524,1.0952692992886306
1.038911975821685,0.9790948742561302,0.974370945210882,1.0154578353327233
0.7970297029702971,0.8969045055470165,1.0505626461065658,1.0902142102985422
1.02,1.2380981903939372,1.0976622766786677,1.1398905827478623
1.1144883485309016,1.025309914148876,0.9817642428650799,1.023502993586543
1.0790031813361611,1.0468898990575293,0.9916193582394236,1.036310096531896
0.7851239669421488,1.1870976571822862,1.0801354746606164,1.1220134376643314
1.0708401976935749,1.050066288571035,0.9788803639327945,1.0200370544671382
1.2682551883166795,1.1023787049521878,1.1145119307057565,1.156797288595993
1.0416666666666667,1.000211604690587,1.0555688734536894,1.0967512322239366
1.0715914272685818,0.9466289653214268,0.9497231489131055,0.9901219613452177
1.329653788258906,0.7611397237992992,1.013709471124366,1.0544675358402686
0.9689922480620154,0.7473175999995746,0.9504906273338551,0.9918161264377818
1.1359185272228751,1.1606274816307325,1.0411313945334162,1.082659751285467
1.2725344644750796,1.0634615405120431,1.0551741005300943,1.0965216645895122
0.99009900990099,0.8348618748227721,0.9153164988807567,0.9580608345839471
1.065891472868217,0.8857922858583113,0.9812591299652743,1.0227486205650314
1.2699350265800355,1.08000880061846,1.0574671352430298,1.098177448196901
1.2474012474012477,1.1218266218554749,1.0911570313305916,1.1324813074706925
1.3634513634513634,1.0604290081342946,1.141367933607801,1.1815885134013375
0.8401172256593943,1.173223917679858,1.0837554375599954,1.1259987855096951
0.7166123778501629,0.9237859130002094,0.9230731017051349,0.9640958798128645
1.0503040353786623,1.051462764361352,0.9942916684471992,1.0349977750406116
1.2764084507042253,1.1682838163867066,1.0878910590438733,1.129899489610377
1.1799410029498525,1.039575719564156,1.0273084372481753,1.0697732571785012
1.25,1.0843119831890202,1.05094147987883,1.0929774778871157
0.942173479561316,0.9760171297584974,0.9277598768383084,0.9701946193517792
1.2763596004439512,0.8526969597786931,1.1232719347331843,1.1635509951708867
1.066982809721399,1.218767526703103,1.1052126279572205,1.1456586856398674
1.0350492880613362,0.879004960801203,1.0211678434083462,1.0622701376990131
1.3109756097560976,1.2110704979545932,1.1850397627084435,1.2279218653407684
0.6680026720106881,0.8098288492037891,1.1887967807049187,1.2299033817759972
0.9049773755656108,1.015146805430101,0.9424875168150489,0.9837487783959059
0.8163265306122449,1.2204810050527286,1.068077277065898,1.110648305569908
1.3731825525040389,1.2159831897893496,1.08912642745579,1.1302142409444378
1.4772727272727273,1.2486059798116902,1.1344006832436004,1.175963337292007
1.2195121951219512,1.1799937561179608,1.0459124123724928,1.0879267798670211
1.4066496163682864,1.353815953755238,1.137301954534344,1.1777462821542382
1.0057270568515155,0.911269418257864,0.9033037082063909,0.9508985104028155
1.10615,0.9879924500533692,-0.11100855098718188,0.3233610442558995
1.2188365650969528,1.3197056139031724,1.1266111674138888,1.1671971120459703
1.4632107023411371,1.3932869183465104,1.1694995989899881,1.2129728414404868
1.1614055985705778,1.1714321999284518,1.00081642080351,1.0413423958336139
0.5879237288135594,0.9896359998444432,0.9753791521806414,1.0165643120572425
1.483463035019455,1.1746782973907366,1.1265106851894648,1.168957874977059
1.2239902080783354,1.0571041424873016,1.0208679136728294,1.0605322022162489
0.6964964119881807,1.0227317194777203,1.044502224542114,1.0857979250618466
0.9203767123287672,1.1442126205247387,0.9813539424926261,1.0225631070099308
1.411764705882353,1.0712226921786223,1.088458747766972,1.130882533976238
0.8752276867030966,0.9218445097933972,0.907157156905017,0.9559403738929584
1.1538461538461535,0.9489801458961216,1.0310204259119593,1.072211958624724
1.3064133016627075,1.004707199846166,1.1758453874201402,1.2168351782787816
1.3001230012300122,1.1081612266592418,1.1846137801160532,1.2252587457186503
1.1463590483056958,1.129558058611706,1.0842834251192022,1.1272474076916037
0.9809523809523808,0.9910206189246666,0.9170842371514187,0.9582374716149642
1.2610132158590308,1.2455261705203626,1.1137727703434515,1.1546994090507965
1.1363636363636365,1.2710472741912813,1.1840454146830943,1.224743066073047
0.7033248081841432,1.0311111276455245,1.0704297548898436,1.111508634890654
1.0679611650485437,1.0975789623049694,1.0126017116330057,1.053605388594262
0.9720352923583072,1.1378793354428045,0.9758856409054162,1.0237336224547877
1.1907824222936765,1.26425535408721,1.1154162445325786,1.1557658444654713
1.0823630875377317,1.1946939358404702,1.039585573456103,1.0817617265259438
1.1733800350262698,0.9153418184209784,1.0187130954265597,1.0599996524613162
1.3529980657640233,1.1756006563818375,1.1382477007354277,1.1801745238756107
0.9154929577464788,1.309340031244039,1.0832607590547596,1.1244243238796048
1.1170688114387846,1.2260131919121564,1.1863086432710073,1.2261800789486001
1.331615120274914,1.1741229241608924,1.077206747004425,1.1186257494819005
0.7587609511889862,1.0681821793851551,1.0154684401313359,1.0556332438333886
1.4610389610389611,1.3552829140691214,1.2085805145866564,1.249848079275535
0.5272603719599428,0.9034611864543318,0.9798931574608981,1.0216624260104263
1.145912910618793,1.234090246202449,1.1323589115413215,1.1755380689144914
1.0073260073260073,1.0218362780848411,0.9593377436753573,1.0013136636290847
1.4354354354354355,1.0561758942182824,1.1293847065729514,1.1701382459624592
1.0436432637571158,0.9639683517304988,0.9423112019905988,0.9846711606826373
1.342613381230355,1.278661005099916,1.175120686355506,1.2164539060052364
0.9652509652509652,1.068470696869558,0.9542945170974515,0.9948859984227059
1.375,1.160019693876473,1.1301346304338675,1.1762543449853793
1.2629161882893227,1.0807810727178415,0.988069941377937,1.0299306335446083
1.025,1.266512176300174,1.0923773412695796,1.1338214643560103
1.337448559670782,1.092515720722477,1.1037002848206305,1.1436701110747742
1.1254422643936957,1.194055183132928,1.0371675513575669,1.0787184606955866
1.1664899257688228,0.8914953565617639,0.995495605006277,1.0365148038557672
0.5923119658119658,0.8769769507827011,0.9720561585181069,1.0129329288915812
1.146131805157593,0.8888732406739682,1.055873355044375,1.0970274892756016
0.9433962264150944,1.1683238985995852,1.1239997777278465,1.1636293668453557
0.6504770164787511,1.0166521803024613,0.9520942800688488,0.9941637976277922
0.7712082262210797,0.7143139333718769,0.9552608389212649,0.9961441535805342
1.4132278123233466,1.1357929038626429,1.0312998374060791,1.0731617003450213
1.1764705882352942,1.068617648769236,1.0687449567547158,1.1099800125381074
1.5,1.3281302774387072,1.0850064535080244,1.1260081976424843
1.1959654178674353,1.1393545633174609,1.1106278524304511,1.155815898220141
0.5157437567861021,1.1594439936611238,1.044358679926,1.0848182994074271
0.9235517568850902,1.022011127482174,0.9448293226411936,0.9904165243543831
0.9429877315371662,0.9425241888510364,0.9099602524489251,0.9560886255689156
0.6944444444444444,1.2848095047568675,1.1279442203139358,1.1692559820997324
1.362637362637363,1.1867739321635489,1.1570864150196452,1.1981163325022637
1.150251617541337,1.09051900628464,1.0040624562213982,1.0467070839920332
0.7914847161572053,0.8635521226327108,0.9250490337927803,0.9664664988203518
0.9234234234234234,0.9024233983654396,0.9967755118266189,1.036826679917882
1.3669064748201438,1.1896908151770091,1.099257694849959,1.1406804507419583
1.3,0.9904144564733166,0.9916896508210462,1.0340641938722037
1.2625250501002003,1.2288964149256445,1.191147928378275,1.2340314420267011
0.96,1.045093908157116,0.9062530311663375,0.948834979850468
1.096333572969087,1.0452613948350262,1.008488315276261,1.051147372658053
1.1183597390493942,1.2000788133145597,1.0237675395226582,1.0654782369035305
0.8829081399376515,1.0948040047777787,1.1130629785523733,1.1576006017849736
1.0744077410744075,0.6885245528057584,0.9144943985859053,0.9573149405444514
1.0479041916167664,1.0776974284436498,0.959463461167007,1.001274571126574
1.0438908659549229,1.0923557127121517,0.9202382246599459,0.9621016374040441
1.2178308823529411,1.235330382067877,1.1854832098251769,1.225855854330237
1.2489592006661117,1.2085275772805772,1.1038257257234882,1.1849842055233648
0.9173304037352376,0.796148965460196,0.9360272901607564,0.9810932168081932
0.9640102827763496,1.1140922228677794,1.0890746620828877,1.1320192048196216
0.937405503477472,0.9472870717403828,0.9051663859210024,0.9484269133466244
0.9571558796718322,0.8663215048918826,0.9478157908817052,0.9888161033366045
1.4377537212449256,1.2794603321995042,1.171427036325416,1.2135273399601885
1.306522613065327,1.1830173518058884,1.1058946669233443,1.1462775016197686
1.102629346904156,0.8593147946770879,1.003747121812201,1.0450039731181393
1.1828320378506252,1.130030196311237,1.1335527445404732,1.1771888569707214
1.218487394957983,1.0046738553306431,1.0184709633611382,1.06062935251696
0.8658008658008658,0.98532387734989,0.9656147159024222,1.0072803164186956
1.060070671378092,1.0226554113226056,0.984727137077524,1.0257665427075948
0.9262536873156342,1.0439156040528277,0.971465314298757,1.0111227733795654
0.8691756272401434,1.2352907939859938,1.2131071409015175,1.2539551007769554
1.102406267487409,1.0843669837512513,0.9883853022580402,1.028789524255012
1.2130801687763713,1.3070169258675437,1.0625012308757005,1.102744898117763
1.07981220657277,1.0983616497239086,0.9977408301968514,1.0388479859275446
1.2478235635519443,1.1185797503146837,1.1805953499255528,1.222037505669331
1.3315579227696406,1.263009249058524,1.1598228044329038,1.2021493986969254
0.7648546144121365,1.243326269031069,1.1525597887047838,1.1940093110008434
1.0093896713615025,0.9547287823194828,0.9544837339521681,0.9959070626348749
0.8955223880597015,0.987872208710604,0.9633553123631269,1.003956272079384
1.1791269443050678,1.1238377965586157,1.0381796681484492,1.0785544040156758
0.8914386584289496,1.1962473696445566,1.0651806688737349,1.1051759601724154
1.0661345496009125,1.1145028876201002,1.0590816142772277,1.1000669634192135
1.066010660106601,1.1128137053149223,1.0249213015771992,1.0676074018934472
1.094890510948905,0.8717077652813316,0.9842146162379447,1.0243092175986066
0.5194805194805194,1.0890118712641863,0.9691663396844395,1.0107356812787573
0.7225536992840096,0.8823291913345466,0.9248789656699855,0.9653096519534179
1.3541666666666667,0.9084119778592264,1.0232810458904091,1.0645688610847797
1.0048886474741987,0.8541595572234557,0.9654429029379306,1.0075491236045733
0.7683551508252704,0.9000077903566805,0.9642525183200019,1.0047703097091283
1.090159104301709,0.8162730456173191,1.0621779037194294,1.103300929626296
0.9330484330484332,1.0689779204979035,1.0343298524676412,1.075639304767972
1.207022677395757,1.1588112901749408,1.0585107769930329,1.100551584609591
1.3872135102533172,1.0337537025011307,1.0357024912739752,1.0758821604803124
1.02803738317757,1.3163790282172194,1.0270972648510523,1.068924000183556
1.176716917922948,1.0624926185274657,1.1398912359440494,1.1851065421459088
1.1294117647058823,1.048703972631275,1.0160017209805396,1.0569664783297679
1.0577346848832083,1.0519494746467253,0.9650050261174872,1.0063024494668777
1.162790697674419,1.0763724530063423,1.0287218435808911,1.069930006589683
1.1666666666666667,1.0850841108890896,1.0627597252188175,1.1062483685826463
0.9950248756218906,1.0700466776875346,0.9413127253443198,0.9826828866048983
1.3592233009708738,1.208648676785013,1.1657351454022469,1.2068127384665266
1.1325742171614477,1.1133936825096122,1.0928788527455109,1.133694484771237
1.3020833333333333,1.2716858633062689,1.0658030879185476,1.108160233402321
1.1667615253272623,1.0644996448030917,0.9952335317040415,1.0358523303712668
0.986842105263158,1.0511238645719414,0.92196812166303,0.9626686345395001
1.0652765185856754,1.3126054951993424,1.1391773496468527,1.1812942482494455
0.9507346585998272,1.221664490783864,1.0354603592085536,1.0765118605359558
1.2627808531422988,0.964518463660545,1.06925028096501,1.111144955661954
1.443001443001443,1.2580845306158082,1.11338230730381,1.1539204471761773
1.4266304347826086,1.279823001525087,1.1030934360860478,1.1437359365602788
1.275820170109356,0.9239675760333652,1.08025332643389,1.122163650030499
1.21996303142329,1.0511367397939393,1.1932639639087699,1.2348058575640601
1.3064133016627075,1.311475283585249,1.1573097015194813,1.1983189210068181
0.6588583737210555,1.0512759671456626,0.9517602806882125,0.9932443378526425
1.1160714285714286,1.3370162014955316,1.1783887887621993,1.2194190650264414
1.3630731102850062,1.1938348803697605,1.112639864526151,1.1517810182958312
1.1555708865125909,1.1386150330224551,1.0705131794820992,1.1137510793678027
0.9789525208027412,1.191550582767427,1.1035266616505401,1.1447068533568345
1.2674825174825175,1.3088016780844376,1.1051851517792959,1.1479901904694523
1.45985401459854,1.187260260516124,1.176469251264184,1.2181021565515902
1.2803426939552591,0.95690780570723,1.0307565418666984,1.0719725358466143
1.0584810796507012,1.01247923365466,0.971901219137553,1.015828323658059
1.1266747868453106,1.230626035746314,1.0307915917939905,1.0713832016925176
1.2408759124087592,0.6758751375336796,0.9746341026525793,1.0152719052623451
1.164882226980728,1.2327816874746658,1.0592933633444948,1.100067356430861
0.5677655677655677,1.203778806043618,0.9537768983932857,0.9944163614348752
1.268732970027248,0.9932542957802076,1.140462446771768,1.1834580503298402
1.3643659711075442,1.1054727396711097,1.113287053208469,1.1551081036492794
0.8641975308641975,1.0332387390278734,0.9622979616021331,1.004928675041682
0.7022968197879859,0.7607045695057438,1.1235242097762326,1.1640472698280562
1.238660153524075,1.2112357656849004,1.1754261140184399,1.2179252925310784
0.696969696969697,1.0313987487321037,1.0174538449148285,1.058432437132613
0.8188585607940446,1.2019675360185174,1.0997245666223439,1.141104044887845
1.0209143968871597,0.9895157688211984,0.9233656888647798,0.9657885821647809
0.7851775956284153,1.1065359389540248,1.0116520670958538,1.0532117519859927
1.037562656641604,1.256902808806546,1.0478447903737973,1.0890223725157977
0.801840289188301,0.952706763133172,0.9534307310778012,0.996458716848708
1.1409013120365088,1.0920207542137248,1.1346420887054582,1.1749082843878755
0.907555930772478,0.9070528114802908,0.9451153275073948,0.9859412712966867
1.020408163265306,0.9729457567999936,0.9623724101958584,1.0040670255773463
0.965,0.9391904828115752,0.937173228918121,0.9797764963992294
0.8648648648648649,1.1671574860745084,1.038067513592289,1.0799596927033253
1.1283851554663993,0.8628684474055578,0.9862419019960199,1.028118891627247
1.1428571428571428,1.293668211789475,1.2242939444767305,1.2653790016869149
1.0363636363636364,1.0330269416327844,1.0300790046290818,1.07035526074441
0.9422850412249706,0.8335941197073915,1.0472841762156837,1.090202831326152
1.1425732737208147,0.8786349634155189,0.9877222591968966,1.0286126369150412
0.94679186228482,0.7431828883686612,1.148121926993607,1.1879879689052237
1.395631067961165,0.930059347034814,1.0170500492712715,1.059340152942523
1.375567895002524,1.066109572667264,1.0882492890321003,1.130317215172464
1.190003966679889,1.0402866798528552,1.0516273132328446,1.0930321166964978
1.1827956989247312,1.223044562960429,1.027949763614257,1.0688048025436436
0.6843633347158855,0.964055054420429,1.0677278730115813,1.1097636704036287
0.7066381156316917,1.005905757667906,0.9537647844935602,0.9950630301094374
1.2333139872315728,1.1894190803229698,1.1544096297572561,1.1975828931365327
0.8890005022601708,0.9256085292791724,0.938024324164914,0.9796993104469158
0.8571428571428571,1.114663930456802,1.0027988576200524,1.0455606172276233
1.2400354295837024,1.0395181446116604,1.0648956978995021,1.1076132068977766
1.3928571428571428,1.2157616514298386,1.161573170392645,1.2026118725786166
1.472785485592316,1.098126880561886,1.1628947704296406,1.2050850450146284
1.0747185261003072,1.0532083069591212,0.9782209803603749,1.0191427112061162
1.3187641296156745,0.994420469571402,1.174287202935856,1.2156178743260655
1.1090573012939002,1.069441386985803,0.9325033578539851,0.977238282906961
1.3416149068322982,0.8436582365483938,0.9828179050148953,1.0250122889955897
0.6348758465011287,0.8857262219300017,0.9356408868756575,0.9803179383609297
1.201774929126094,1.0705927341837889,1.009887284822287,1.0625672674492939
0.8965968586387435,0.9693893066038618,0.9553475816302471,0.9968439905552969
1.1783901377810009,1.0060963449901033,0.9265931937260484,0.9687169069124303
1.0497667185069983,1.1955473221977782,1.0186162031088821,1.059338605730903
1.1603919546157813,1.0119630795638637,1.0005479233503842,1.04568509097534
1.001410437235543,1.3408971504435605,1.0866862001213824,1.1265399233054842
0.981981981981982,1.1396134841580492,1.2279694755447987,1.2695632091406486
0.9490940465918896,1.0697182975295434,1.096744472285229,1.1365096945019404
1.051840721262209,0.9844772373081728,0.9308725548261241,0.9747175357317267
1.0599078341013826,1.1497065228921937,1.025554508434196,1.0666315804038786
1.081002331002331,1.1010093611455725,0.9795118056975691,1.0218840442527093
1.1594202898550725,1.3768709884258774,1.1965754051044828,1.2371141071555611
0.5858239095315024,1.0594983304121943,0.9579052269920072,0.9991645497892834
1.1075219197046609,1.004205864422382,1.049313253143633,1.0909325631038433
0.6679389312977099,1.1451130771795268,1.1310387300082778,1.1719350289255868
0.7730467135179826,1.0282889853812136,1.0144361935037887,1.0570118789426644
0.8830022075055187,0.9466295520586184,0.9934878372507766,1.0342684566083873
1.3433356594556871,1.11002989716384,1.1914222735193603,1.23286334916037
1.0412926391382409,0.9468606679152348,1.0021350526705677,1.0452345961802396
1.320321469575201,1.2587487251120266,1.061019420264709,1.1014004469488219
0.9810874704491724,1.3304258524566857,1.080033254193491,1.1214959991319553
1.068313953488372,1.0569549550941315,1.010572560965331,1.052189027764983
1.3456362937331796,1.2144437759379008,1.061087775055257,1.1016954315061782
0.8717757936507936,1.376043362321618,1.2153218869378577,1.2572386272311848
1.1889321227842629,1.2262310891521655,1.1671155116374043,1.2089578211519827
1.0497724269563942,1.012085885610349,1.0015244442512692,1.0478451720861313
1.0960820895522387,1.1019128427021505,0.9858090998687546,1.026876821773746
0.6328751431844215,0.9288070304695892,0.9670191564711819,1.006664067576768
1.2067114093959732,1.059274186643812,0.999812031617078,1.0411518867273546
0.8419083255378859,0.9691477690786858,0.9803933838066058,1.0238150572554305
0.885558583106267,1.2156492711938114,1.0138476641972844,1.0566310609108156
0.8878683505549178,0.9490697112020132,0.9526630689390346,0.9944083242164502
1.1923276308968378,1.000882696899363,0.95625407526776,0.9970886049702388
1.3745704467353952,0.9621566258492368,1.1647818296883286,1.206372485886464
1.3227513227513228,1.1178630680786794,1.0063685352031773,1.047100621906542
1.0407898996438978,1.0922031121261084,0.9904521522891545,1.0333661013772537
1.0135135135135136,1.217930600444757,1.1423541075763404,1.1841765301551508
1.377582968065122,1.1017230037198915,1.0006875811621967,1.0516721873980825
1.464513706346226,1.2071936004888588,1.112339235421968,1.1544013021122943
1.1165237724084178,0.9990837463440586,1.013948211988598,1.0555280171205268
0.8103271983640081,1.0101862059455209,0.9865050594377173,1.0279329615568689
1.0181618051733627,0.9648038577339458,0.9493157202517307,0.9889029129126887
0.7024691358024692,1.0443238657676484,1.1230823377085877,1.165140864157228
1.2857142857142858,1.120294055479247,1.0672225488012872,1.1085987272797824
1.019108280254777,1.0477512416666004,1.0059236412121932,1.0512832719454985
0.7964601769911505,1.0429150849960889,1.094122055663011,1.1351281977526335
0.9309903409752124,0.882793203654015,0.8202077099956611,0.8728039464472241
1.3303769401330376,0.9649514701375884,1.0307376963011132,1.0728048244068122
1.2533333333333334,1.097309827896779,1.0489558331708344,1.0932993627253431
1.41796875,1.2400388057541816,1.051037922220622,1.0920726668814575
1.263001485884101,1.2492952145814211,1.0530880982645727,1.093932797696002
1.1367673179396092,1.0104412010501758,1.0045851727901502,1.046189032858706
0.6289308176100629,0.980397819612664,1.0765771838404523,1.1263874338067226
0.9409304756926292,1.1727021130612822,1.1374454991504577,1.1787259078086574
1.1672473867595818,0.8534472308416763,1.0467472034402014,1.087177141432828
1.1940298507462686,1.0477120613885296,1.1272526088345878,1.167779093752316
1.1875,1.182624507635272,1.0943709690850076,1.1352055951959286
0.9050772626931568,1.1456639936212436,1.034465719345647,1.07560942083385
