Actual,RidgeClosedForm,Lasso,RandomForest,RidgeBuiltin,RidgeGD
0.87527352297593,0.9548503436603667,0.9633683061925304,0.9355928770518516,0.9548503436603681,1.0736308100000298
1.209482341557813,1.0001576896808795,1.0235155361216062,1.0479816876040728,1.0001576896808808,1.0742055652004847
0.7766103243490178,1.0504557044817446,1.0254613134169088,1.1195677618580502,1.050455704481744,1.0744595567025073
1.0756501182033098,0.9690148493249447,1.0214365580687472,1.0341568478592256,0.9690148493249464,1.074266225593464
1.0729023383768914,1.04019001098163,1.028868994773836,1.0574957693725595,1.0401900109816298,1.0754945237621985
1.359458151910982,1.095806347888269,1.0893794356634707,0.8910771358202594,1.0958063478882707,1.075590264944495
0.9098428453267164,1.0454880645567481,1.0828280080880404,0.9563630818697276,1.0454880645567495,1.0752577614229835
0.7475365273530411,1.0795510676110878,1.0817104825757562,1.2005926729780505,1.079551067611087,1.0756617636741748
1.1309593837535017,0.9577247316424675,0.9604042694325452,0.9469998016872266,0.9577247316424669,1.0733590376416446
0.8069164265129684,1.1959065912783684,1.2081923771798906,1.158128502270025,1.19590659127837,1.077849598220739
1.1237980769230769,1.09299986352232,1.088230964196044,1.0497706179235664,1.0929998635223197,1.0766846081834573
0.9374253642225936,1.049205603875816,1.0851363411731398,1.0495032233043071,1.0492056038758157,1.0763035870974835
0.7285464098073555,1.0008647202044803,1.0240445198850967,0.9705270093178432,1.0008647202044816,1.074138901684262
1.247216035634744,1.1943722825360021,1.1572517978446155,0.954374591654412,1.1943722825360021,1.0773506059832652
1.0668855149774312,1.1664020861018831,1.1458730097497547,1.3066576049641532,1.1664020861018825,1.0767839405114823
0.871313672922252,0.9850515727620148,1.019216595848118,0.9969197782070914,0.9850515727620164,1.0749154531439074
1.3426514188903007,1.0468251660677488,1.0252047695718438,1.0026649065071482,1.0468251660677481,1.0744279701041646
1.1977351916376306,1.0032878322967842,1.024694766699374,1.0075728358207907,1.0032878322967853,1.0740871685097826
0.8035714285714286,0.9923727419854154,0.9698598150575212,0.6974420346153738,0.9923727419854151,1.0743478760748697
1.124813153961136,1.0929217891812901,1.0890539439661933,1.2882495393598357,1.0929217891812915,1.0752335576118375
1.3846153846153846,1.1723200068651518,1.1467702093715713,1.3030175205615873,1.172320006865151,1.0767626130524057
0.9544159544159544,1.0886060575377599,1.082350333106977,1.086697885864217,1.0886060575377592,1.0757405443665118
1.1605415860735009,1.0048696647142206,1.0225330889730413,0.8958004986249913,1.0048696647142221,1.0747966160947193
1.0376629647513278,1.0723578116637045,1.0853273823066931,1.0889610526595677,1.072357811663706,1.0757503310741992
1.3710879284649775,1.1666195864598858,1.1514585315791388,1.2856541909769548,1.1666195864598856,1.077691669417916
0.6550218340611353,1.107953602721593,1.090724705716934,0.7361181706129878,1.1079536027215928,1.076596264900316
0.5533854166666666,1.1459881033050658,1.1474759895921216,1.0903554586159334,1.145988103305067,1.07657150303305
1.332327802916038,1.2390546685505666,1.2150735234890158,1.3021636059697506,1.2390546685505683,1.0776424784789296
0.704225352112676,1.1478901868877969,1.1482110799298764,1.3104506322626144,1.1478901868877984,1.0768468477249442
1.1695906432748535,0.9922037259728592,1.0229534871358974,0.9016288473944174,0.9922037259728604,1.0741363637134795
1.158878504672897,1.0328631111715088,1.023739149273707,1.0338749067138016,1.032863111171508,1.0743793115708349
1.37746062992126,1.2464657125271346,1.2155972082709658,1.1985492346212028,1.2464657125271361,1.0777069564275683
0.75,0.997476405968025,1.0228470461894577,1.0759473542323663,0.9974764059680262,1.0742550522168597
0.5734310289901242,1.1068425450421373,1.143751810536166,1.0014664827053428,1.1068425450421386,1.0763765565392254
1.0662358642972536,1.018212485046783,1.0258789331343887,1.0013455603816068,1.0182124850467829,1.075521758332206
1.35101789019124,1.1469553578754748,1.147665999297676,1.1830173518058884,1.1469553578754763,1.0769115293369573
1.071214841412328,1.0190830588251494,1.024974515670624,0.9110610876275368,1.019083058825151,1.0747018316228965
1.2453300124533002,1.110682156359489,1.0923545819503897,1.134654630253676,1.110682156359489,1.0764015594245853
0.7208333333333333,0.984036671700016,1.0199812653884133,0.9865162712420212,0.9840366717000172,1.0744293825839204
0.7904245709123758,1.011583870684099,1.0233648954678192,1.0119014762841323,1.0115838706841,1.0744506055718408
0.9762654320987656,1.1564083363557818,1.1516871340700776,1.1541640955264072,1.1564083363557833,1.0764840686113013
1.4993438320209973,1.2292961085788798,1.209300715671334,1.3709787235957234,1.2292961085788792,1.0775520557316813
1.1559139784946235,1.0286835335394717,1.02708998077683,0.8991163412464341,1.0286835335394733,1.0745669135908262
1.0711060948081264,0.9846229417086796,0.968833169783162,1.0335964847532484,0.9846229417086794,1.0743532657209263
0.7761966364812419,1.102342111708649,1.0901986329444255,1.207683329375677,1.1023421117086503,1.0752427019299855
0.5902657921988264,0.9836903223067227,1.0194777683471277,0.8930483977150074,0.9836903223067239,1.0744991841167937
1.289134438305709,1.079690870194609,1.086202918628133,1.1837639652423422,1.0796908701946104,1.0754097047244238
1.2493326214628937,1.2314461450994614,1.208494597096206,1.277537356394338,1.2314461450994607,1.0777163913103784
0.966183574879227,1.093542694548238,1.0887404566438763,1.0540852062334387,1.0935426945482396,1.0756433854502696
0.735202492211838,0.938723920696363,0.963186814802016,1.0011577046970788,0.9387239206963647,1.073344876340131
0.6771745475773496,1.1901224185448986,1.154548487025941,0.8069791924558644,1.1901224185449002,1.0767045747554838
1.0029411764705882,1.0195086130534963,1.021837437572007,1.0085070730246262,1.0195086130534956,1.0744087537942566
1.278724981467754,1.0672929438616834,1.079407220667934,1.003203553702119,1.0672929438616827,1.0757735594904645
0.5562095350206003,1.0171695513300583,1.0248393019600464,0.9963689993694196,1.0171695513300598,1.074685183625883
1.0647010647010646,1.088157673404727,1.0818396260099152,1.1904170070760254,1.088157673404726,1.0758094581714577
1.1214230471771076,1.0638495719080554,1.0841254827763496,0.9650785847884984,1.0638495719080567,1.0754175111602224
0.7860262008733624,0.987974986700605,1.019423172329896,1.0285306419418438,0.9879749867006065,1.0749408875812658
1.1317876754118366,1.030022926760808,1.0261049190799716,1.0110849123328247,1.0300229267608092,1.0743925854231084
1.0779029887310143,1.0982551816420232,1.0895524770021028,1.1124648921503335,1.0982551816420247,1.0756115704147498
1.155115511551155,1.1330773128569918,1.095374154515805,1.2096160236861135,1.1330773128569915,1.0763779583456288
0.8023340627279358,1.139199338190354,1.1429927425710618,1.149216253521253,1.1391993381903533,1.0766928994748204
1.4288954411431165,1.0190878959533216,1.0825212294027335,1.1191838300981032,1.0190878959533234,1.0751412396749682
0.8704061895551257,1.087239266605432,1.0822537518947173,0.8892068411161962,1.0872392666054311,1.0757286529412533
1.4251781472684086,1.0990981247558262,1.089140907172256,1.0549998101536089,1.099098124755826,1.07666484973188
1.08728943338438,1.1397497219725126,1.0968036914020127,1.238698140550309,1.1397497219725126,1.076290380265388
1.0448264239973035,1.0166328454166638,1.020676181830965,0.8344406594165729,1.016632845416663,1.0745293636113262
1.1524822695035462,1.0298827476107384,1.0235285485747514,1.0771406155996266,1.0298827476107377,1.074353381657424
0.8073496659242761,0.9457763705263011,0.9627271142555835,1.040230690741749,0.9457763705263027,1.0735518641490085
1.254752851711027,1.151668169126094,1.1512305199631003,1.2890795844823526,1.1516681691260953,1.0761112170172686
1.110236220472441,1.1814117801130404,1.1548989039249378,1.121144647866881,1.1814117801130404,1.0774562909282417
1.1070559610705597,1.0031763964128173,1.0218127540982709,0.9570429084029668,1.0031763964128184,1.0745230881483507
1.4010743061772606,1.216052049416474,1.2120110259403736,1.1701235274876536,1.2160520494164755,1.0776607944799936
1.2109920819748483,1.0104623097676022,1.0243653497953815,1.1372352081691302,1.0104623097676038,1.074626828935459
0.9087849209020532,0.9862385457621123,1.0175703908146172,0.8836476401220676,0.9862385457621117,1.0744105552708922
1.1791104050833996,0.9990338838031878,1.0234361249026371,1.016780841974991,0.999033883803189,1.0741957878063835
0.9752240379546652,1.0552880512319758,1.0839995251807892,1.236436234604743,1.055288051231977,1.0752702089148143
1.334106728538283,1.056313615139407,1.0816768791560385,1.0790801234205616,1.0563136151394084,1.0756432058780523
0.9954375777685608,0.9433900268717631,0.9629158508453984,1.0601840538485043,0.9433900268717643,1.0731266765529508
1.068117694478033,0.9140706513358653,0.9598860169282756,0.9090686744277058,0.9140706513358665,1.0730172203230066
0.9403254972875226,0.9596341117336822,0.9637063404220256,0.955593319003362,0.9596341117336836,1.0736724299867826
1.0505252626313155,1.0893617370716373,1.087965995632559,1.3364305798310512,1.0893617370716389,1.0756798249272939
1.105527638190955,1.138874052192736,1.147452314183156,1.0213265766095243,1.1388740521927374,1.0764367941373079
1.2745974955277282,1.1203809879267606,1.1442294511644815,1.21354969854191,1.1203809879267619,1.0765671592609978
1.4271891630382196,1.2305096599774876,1.2130326405277518,1.370518900090698,1.2305096599774892,1.0777865793321868
1.2013455069678038,1.0709340711091964,1.085226776877256,1.1306054695615266,1.070934071109198,1.0757379441728883
0.9789702683103698,1.1492806126877295,1.1487883542860826,1.0835540860632036,1.149280612687731,1.076786129919699
0.973709834469328,1.052934227656826,1.0833541744839972,1.2681940621118162,1.0529342276568272,1.0753225449168393
1.410743353228432,1.072963706362289,1.082203047562471,1.1150813478102712,1.0729637063622883,1.0754588222530588
1.3781697905181918,1.177748021086106,1.1546400126198526,1.0424173282002314,1.177748021086106,1.077424415302202
1.1086057872980082,1.0745061861046432,1.081833020390906,1.121901022140258,1.0745061861046425,1.0755450570750043
1.0638297872340423,0.9790238395647743,1.021664797850902,0.9870585231092214,0.979023839564776,1.0744261211885384
1.1784511784511784,1.1373495121659365,1.148302632063536,1.2367312953108636,1.1373495121659378,1.0762779005356018
1.3315579227696406,1.203640862030901,1.2105333333793853,1.263009249058524,1.2036408620309023,1.0772940179389052
1.0271158586688578,1.0031503047903825,1.018286399253827,0.9716909397812772,1.0031503047903818,1.0746305066924888
1.1355815554026152,1.0439696671514043,1.028649164124344,1.0892115205068464,1.0439696671514058,1.074627091942375
1.25,1.0608828393609169,1.0826004369982722,1.3210435555080366,1.0608828393609184,1.075941755365069
1.067907995618839,0.9837967825634762,1.0191279289162267,0.9913691343499462,0.9837967825634777,1.074904536153234
1.1065573770491803,1.0864725268942794,1.087161152210475,1.228939289116955,1.0864725268942805,1.0753958919854758
1.2105263157894737,1.2322663622922059,1.2141227085573854,1.2257274769623958,1.2322663622922057,1.0786293640050337
1.0677382319173363,1.0428476600167118,1.029056791575452,1.1328787491646235,1.0428476600167116,1.0755176459779787
1.3689655172413793,1.1437088530344799,1.14935268447913,1.100673673876062,1.1437088530344814,1.0765920244881848
1.3048635824436536,1.1299746907685984,1.1474241446629134,0.943839708879338,1.1299746907686,1.0766181635379237
1.4060446780551903,1.0599333024246964,1.0844494322591374,1.0485216461174118,1.059933302424698,1.0756422347154264
1.49290259422418,1.1631569607257877,1.151684987418821,1.1746999703662229,1.1631569607257892,1.0766155982023735
1.435602953240361,1.1582011522246418,1.1462515552497743,1.195786759579084,1.1582011522246412,1.0765669606022141
1.2515644555694618,1.1470649296164583,1.1499471963010084,1.2219583605068312,1.1470649296164597,1.076216797394081
0.7256274543281543,0.7864225072336085,0.9524170698468536,0.7836944039481984,0.7864225072336111,1.0712557995991756
1.2432867883995704,1.1494999626849287,1.148324831122013,1.2862178115210547,1.1494999626849303,1.0768608531797081
1.2339055793991416,1.03280754120406,1.027860417557556,0.9203537017837544,1.0328075412040616,1.0745299786360978
1.4038371548900328,1.17988946667165,1.1477841112915352,1.1176815785466243,1.179889466671649,1.0767556543988497
1.3157894736842106,1.1744592745468292,1.1539285976910634,1.24345264381541,1.1744592745468292,1.0774686172390324
1.3304949441192124,1.2094888878851024,1.2101101857503005,1.2611295425301774,1.209488887885104,1.077822137901527
1.038948717948718,1.0350362584575845,1.0275467703456946,1.1047856912811096,1.0350362584575843,1.0755953145371708
1.4412955465587045,1.2655908180215718,1.219351644629815,1.1819637866427108,1.2655908180215716,1.0784824060018972
1.2618296529968454,1.0916776883736374,1.0881296471311102,1.208362940878233,1.091677688373639,1.0756999742867597
0.8857615894039735,1.2197634547451661,1.2113152379861951,1.227068074969532,1.2197634547451677,1.0778387143604615
1.1890547263681592,1.0947006701992381,1.088822282393152,1.127902984131362,1.0947006701992397,1.0756534601300025
0.7174048658764816,1.0732416077177662,1.0843101268590007,1.06758128487964,1.0732416077177673,1.0755720390964105
1.2338501291989663,1.1587351047985643,1.1499354577812075,1.1534821503548496,1.158735104798566,1.076795571521827
1.377567655689599,1.197147750083611,1.209595489164076,1.019133949733149,1.1971477500836123,1.0773103410898521
0.9753424657534246,1.001585569835155,1.0223010257824727,1.031910462538906,1.0015855698351566,1.0747680436423623
0.5870607028753994,1.0308913036082767,1.0798804685945926,0.979074532313887,1.030891303608278,1.0754220253665938
1.2031139419674453,1.1143955595866606,1.091172023607279,0.9441850729171888,1.1143955595866621,1.0756791809070851
1.2029491656965463,1.1381130817572451,1.1513523870619733,1.140082954560234,1.138113081757247,1.0761792655700873
1.0662251655629138,1.0894102723800516,1.086889718359758,1.155577129450614,1.089410272380053,1.075494265970706
0.7637231503579952,1.0679967020001402,1.083582145167402,0.9686812071452248,1.0679967020001417,1.0759308329014419
1.0782983970406903,1.0717743604612675,1.0838490849202564,1.1202629468968752,1.0717743604612688,1.0759636994812383
1.0061486864169928,0.9811837857976917,1.0231328338856316,0.8335267707328116,0.981183785797693,1.073894857739616
0.8451347647327547,0.9958674849997936,1.0232123784409828,0.822364320741574,0.9958674849997949,1.0741682393395195
1.1351909184726523,1.0954626522567077,1.0898420607493378,1.159443849828689,1.0954626522567077,1.0764875904861486
1.0,0.9860703171307924,0.9694144683565457,0.8233467915823727,0.9860703171307923,1.0742930433917335
1.41540487162607,1.1398463351797368,1.1462056100931886,1.05173263919244,1.1398463351797383,1.0769953087691144
1.1013473930872877,1.0302308532253115,1.026241272569907,1.1049451595638842,1.030230853225313,1.0747260053813017
0.6982726938625505,0.9801818659889101,0.9619911524062024,1.056636298461184,0.9801818659889093,1.073554420364988
1.1077158135981666,1.0700168458393684,1.0805577451631687,1.0822470165514988,1.0700168458393675,1.0756516284039217
1.2857142857142858,1.204970884525463,1.2097909311875528,1.23121455537416,1.2049708845254647,1.0777828301347006
1.0046367851622875,0.9446952165216993,0.96252905610226,1.0023100688388171,0.9446952165217006,1.0732108468913446
1.0349432450478522,1.0264786713992338,1.078439263904556,1.1626587682283782,1.026478671399233,1.0751272056041177
1.439013248058474,1.1052634454589574,1.0854434821785497,1.2490523074147963,1.1052634454589567,1.0755942083964136
1.3006644518272426,1.0638819978458065,1.083770411876532,1.1371973295021025,1.063881997845808,1.0758222190794462
1.1583011583011582,1.094252755210287,1.0883194969739487,0.9145112695209664,1.094252755210287,1.076695508656611
1.4411027568922306,1.1397876883872995,1.0968063742134644,1.2345360575582829,1.1397876883872993,1.0762907105827564
1.217312894499549,1.0086402417630023,1.0245939596569826,1.0505328794204918,1.0086402417630036,1.074206550679636
0.7619548081975828,1.0319818658240825,1.0273230500216932,1.0245046732227283,1.0319818658240838,1.0745956099121963
1.1440677966101696,1.1205247611097149,1.094008133592811,1.0796226003350855,1.1205247611097149,1.076341562844597
1.4008620689655171,1.1649638257169186,1.1472084474263906,1.222348705920748,1.164963825716918,1.0765529827045819
1.0401548137397194,1.0295507297646274,1.022547041200971,1.0465070927596438,1.0295507297646267,1.074496122738169
1.2160011574074074,1.0399864148311253,1.084476999353089,1.1006105120638277,1.039986414831127,1.0752502471914844
1.3064133016627075,1.199701912153348,1.1571493811153537,1.311475283585249,1.199701912153348,1.0774697899626977
1.2349588347055098,1.094197803486586,1.087828702367839,1.2636024242024133,1.0941978034865876,1.0757947147825901
0.7654723127035831,1.0209282263939599,1.025104900293761,0.8655830807904381,1.0209282263939614,1.0747178850453436
0.911664779161948,0.9913396660694557,1.0201399528815884,1.0437870751731202,0.9913396660694571,1.0748973462791716
0.9248982611912688,0.9930514267403452,1.0166147386341071,1.0156849669522072,0.9930514267403445,1.0746882736302414
1.1018957345971565,1.0245292414485883,1.0258462695028694,1.083359776764113,1.024529241448588,1.0756495305632143
1.1111111111111112,1.1792713293377928,1.1552266768161397,1.1924878716720442,1.1792713293377928,1.0773648536077456
1.0448678549477566,0.962016316168117,0.9648327196276096,0.9967923550836852,0.9620163161681186,1.0735475260455767
1.068888888888889,1.1423647529325964,1.0965094536539566,1.1105756797189346,1.1423647529325962,1.076385946552988
1.0755377688844423,1.0941413661146817,1.089619145670867,1.1825813276331485,1.094141366114683,1.0751713533784348
1.326699834162521,1.2244700046656454,1.207043597718385,1.1830117425385722,1.2244700046656447,1.0778013268516728
1.064818443804035,1.026201385031142,1.027393608364967,0.9130165075241976,1.0262013850311436,1.0744725034140155
1.3617700729927007,1.1515430680507392,1.1502636338983177,1.0857376647563683,1.1515430680507406,1.0762557583260193
1.134020618556701,1.0537579760411817,1.0312648136767404,1.0491830659298993,1.0537579760411815,1.0753941238951146
1.0807504078303425,1.0997700753901116,1.0890588396949974,0.9975398124949028,1.099770075390113,1.0753659542860017
1.1606313834726092,1.0235106327635384,1.079358930061804,0.9871369294266618,1.0235106327635397,1.0753578116718499
1.2857142857142858,1.0982600215855085,1.0890737959667451,1.1360303123444222,1.09826002158551,1.0756844273832795
1.1570631970260223,1.1588039632010205,1.1458151284947804,1.3074953146450798,1.15880396320102,1.0766450200692945
0.9150043365134432,1.006088238559429,1.0170569326295316,0.8958779083304339,1.006088238559428,1.0748745120354368
1.0263275323516288,0.9480946005875882,0.9633699498166398,0.7696861285897117,0.9480946005875898,1.0734992184744507
0.7605633802816901,1.0299838724967785,1.0804170308849246,1.14694717898305,1.02998387249678,1.0756729265732345
1.0449927431059507,1.0054443248465113,1.0248471504032424,1.0107670270410087,1.0054443248465126,1.074105930537953
1.0252904989747096,0.9827217080214717,1.021804438589056,1.0246960965165863,0.9827217080214731,1.074126682629608
0.5653883972468043,0.9983830424043361,1.0219530655392877,0.827912460791226,0.9983830424043372,1.0744085699017454
1.3958990536277602,1.2315166249880727,1.2135828184882962,1.014507414435248,1.2315166249880742,1.0777225253215217
1.3966480446927374,1.060095360221091,1.085297268954434,0.9687910325165396,1.0600953602210923,1.0751664039938564
0.9075770191507078,1.0725668150384744,1.084384104982685,1.0401734829198697,1.072566815038476,1.0758977791757909
1.0634573304157549,0.9536419914170846,1.016396424436719,0.8744316927100867,0.9536419914170858,1.0743833857917267
1.3414634146341464,1.2372428596323226,1.2103412780300988,1.3432904942512671,1.237242859632322,1.0775483796069727
0.5638413968715896,1.0753574823988703,1.088291824705158,1.1137796253776693,1.0753574823988719,1.0750079288604735
1.2151536812008576,1.0730684905695014,1.0802943597468069,1.000060836820077,1.0730684905695005,1.0757509933412568
0.6637168141592921,1.1537736015250326,1.144501623203857,1.1067170294554551,1.153773601525032,1.0767468843757138
1.4052411697683251,1.2110867493116313,1.206576923068464,1.0477913628609512,1.2110867493116306,1.0776120743004918
1.1100614076523383,1.096480063467462,1.090385088340316,1.2450457664777868,1.0964800634674636,1.0754504967200644
1.1538461538461535,1.0324218457412484,1.023228945203792,1.070770251374919,1.0324218457412477,1.0744482873102872
0.9334233018443544,1.038073762544599,1.0848208691130008,1.0749836790326186,1.0380737625446008,1.0751607917751982
0.8871701546860783,1.1496602768355983,1.1488151824005992,0.9763116510287726,1.1496602768356,1.0767894330933818
0.8098271155595996,1.0899207387913927,1.0819642090667017,1.182082996446856,1.089920738791392,1.0758247972842476
1.0200927357032457,1.2040250552122935,1.1588919354297786,0.915299265202671,1.2040250552122935,1.0772889578164353
1.0493179433368311,1.1064321271340591,1.1432437862371416,1.2443311504185008,1.1064321271340603,1.076445800659888
1.0771992818671454,1.078843042467023,1.0877096272627953,1.0855852373943708,1.078843042467023,1.0764886254158974
1.0309278350515465,0.9984759723946586,1.0165190289334738,1.0923246008658187,0.9984759723946577,1.0748082834030945
1.247884940778342,1.0651240182753456,1.079732981450547,1.1292266516825782,1.065124018275345,1.0756818744319423
0.989282769991756,1.1469253153162111,1.144496727475053,0.9551741479785478,1.1469253153162104,1.0766144877015495
1.125455147302218,1.0304096257575435,1.023086756196854,0.973207652961835,1.0304096257575428,1.074430780489768
1.050583657587549,1.0389278159732402,1.0278217585194898,1.0636707629183229,1.03892781597324,1.0756291720674205
0.8593141075604053,1.0129929095406083,1.019939950896248,1.1315489987073413,1.0129929095406076,1.0745705101125003
1.2664683382915427,1.0473377126673717,1.0252409875264412,0.9952037733345248,1.047337712667371,1.0744324293886365
1.165146909827761,1.0718549449510524,1.0843338022813804,1.0296150984967207,1.071854944951054,1.075891585726787
0.9572301425661914,1.0541588328169773,1.082482662379735,1.015822214252721,1.0541588328169784,1.0754788290096842
1.008036739380023,0.9299731268832587,1.0162826472206583,0.999521182008144,0.9299731268832603,1.074290627076838
0.8645533141210374,1.1212862988259857,1.145251469004596,0.8921769494881439,1.121286298825987,1.0764294059741653
1.0055304172951232,1.0659887572999305,1.0858353734592556,1.0865316274388417,1.065988757299932,1.0755492889779508
0.8266533066132264,1.1385647803974053,1.1470730979802732,1.1140886454947674,1.1385647803974068,1.076838529200217
1.047486033519553,1.017235038149295,1.02485181796593,1.0448459118725155,1.0172350381492947,1.0756588840176904
0.9694477085781432,1.2154116485918565,1.2105287043367594,1.277286846088597,1.215411648591858,1.0778736674109801
1.394700139470014,1.1563306880526398,1.150731489675739,1.2862563635978654,1.1563306880526398,1.0776021534111095
1.0845006778129236,1.0034944592782946,1.021356206257389,1.0112279085988078,1.0034944592782957,1.074598670235169
1.00080064051241,1.0751089970810221,1.0813965936359118,0.9364854779933184,1.0751089970810215,1.0756231165420846
0.7253384912959381,1.0531999925603341,1.0833729541641588,1.239624974458854,1.0531999925603355,1.0753248571384173
1.0679886685552409,0.9888575175611259,1.0204435804697254,1.003274665763929,0.9888575175611274,1.0748029361023608
1.0049220672682526,1.0940228150202778,1.0891317454848777,1.244343680383546,1.094022815020279,1.0752431368138662
1.431980906921241,1.1691308214174896,1.1524644790768774,1.276570947746954,1.169130821417491,1.0762631464891619
0.9883720930232558,1.0190599362078208,1.026288290046883,0.8319929385488929,1.019059936207822,1.0741515749252972
1.1150234741784038,1.0164397413372497,1.024308708536513,1.0124480444547606,1.016439741337251,1.074751648954988
1.261373035566584,1.1661882425937957,1.1472949680957063,1.3686559963740652,1.166188242593795,1.0765636354397092
1.0844748858447488,1.1728743650127509,1.1528585575393782,1.1780756333016982,1.1728743650127509,1.077600457846624
0.6648501362397821,0.9493072471014814,0.962976615720588,0.8423253659043312,0.949307247101483,1.0735825836642594
0.6053709604005462,0.9904377754349929,1.02103426888319,0.9702547342634796,0.9904377754349944,1.074743869883957
1.1420943340255116,1.0587547756282973,1.0811990053766876,1.1604673187792267,1.0587547756282967,1.0753352009779762
1.166333998669328,1.030457608222194,1.0267363187417058,1.0239491533090352,1.0304576082221955,1.0746551633470667
1.1676646706586826,1.0734305511647082,1.0844451389566243,1.0973677512858366,1.0734305511647098,1.075905293897571
0.9179370742783004,1.1037625889813052,1.092823672336903,1.103684827752434,1.1037625889813052,1.0761957277264969
1.0158730158730158,1.1369988540707205,1.146004399234314,1.1141177009548169,1.1369988540707219,1.0769705349664926
1.297112090063632,1.0843556168449993,1.0884486346324125,1.3174002343178328,1.0843556168450006,1.075159029755617
1.3491209185504127,1.101533621772694,1.0832638304062674,1.0525434961402311,1.1015336217726934,1.0758530174304144
1.0,1.1323574598630237,1.1456764255343486,1.3031836365242986,1.1323574598630253,1.0769301536682192
1.1438739196746317,1.0714419996568678,1.084182961596192,1.0019930052497448,1.071441999656869,1.0755563820531535
1.4074836937864743,1.2152463402023512,1.2108743853964965,1.2824907690292933,1.2152463402023526,1.0774678033809675
0.9654686398872444,1.2390433673316648,1.2146015904015066,1.353913362265852,1.2390433673316648,1.0786883256552735
0.8729887024991442,1.0001104201355022,1.0225541498471271,0.9327985878259236,1.0001104201355033,1.0743507836631436
1.060702875399361,1.0393900625093733,1.0278465336061984,1.0597722751795546,1.0393900625093748,1.0746600630886838
0.5473897617840852,1.0124675993318089,1.023549003001594,1.02572663662369,1.0124675993318104,1.0747899051791896
1.436656508489334,1.1904960513778247,1.1499706709012103,1.2957031276332325,1.190496051377824,1.076629489777039
1.2106194690265486,1.0933231962917562,1.0836417052034242,1.0029288038329611,1.0933231962917553,1.0756359549418042
1.2544378698224852,1.119239969412518,1.145228530564589,0.9446428976756251,1.1192399694125195,1.0767432133386161
1.056338028169014,1.0793368935304346,1.0862995664951698,1.1750274776825684,1.0793368935304362,1.0757382359839147
1.2493875551200393,0.9938128352243647,1.0216301221107942,0.9935843159471188,0.9938128352243659,1.0743688079485374
0.6893382352941176,1.0726672717423096,1.0847485657359976,1.0610378748524103,1.0726672717423107,1.0754942273690078
1.221556886227545,1.0386287363151563,1.0282796477660971,1.1154320520866248,1.038628736315156,1.0755537551392864
1.3002680965147453,1.107873018231808,1.09023998835581,1.0551649145880342,1.1078730182318077,1.0766683786547673
1.07342206955775,1.0193997420358951,1.0203926753287158,1.09842366579434,1.0193997420358945,1.0746262511683993
1.4285714285714286,1.0379126443381645,1.0240959631967774,0.9554383661898412,1.0379126443381639,1.0744232437808174
1.1938202247191012,1.0617984966927392,1.084102208984911,1.0707400510124752,1.0617984966927407,1.0757312772350025
0.9187279151943464,1.0167897393025709,1.019250199267836,0.9930548050046972,1.0167897393025702,1.0747491732070469
0.9223892726533928,1.1960047793208153,1.2045531434457135,1.1915526484407546,1.1960047793208148,1.0776264870836565
1.096444780635401,1.0541634844771886,1.0829620141179557,0.9681979228203256,1.0541634844771897,1.0754060546204964
1.105305466237942,0.995101613138837,1.0167596104524967,1.0431818153381114,0.9951016131388363,1.074706110768129
1.181455633100698,1.1672392051442784,1.152452473093536,1.1816076139489051,1.16723920514428,1.0765782998968885
0.5110574242705817,1.0785361157759532,1.1422306233100268,1.1975489213967494,1.0785361157759545,1.0760574686174709
1.3876251137397635,1.3077250097907855,1.1568159932449131,1.0348801179752314,1.3077250097907847,1.078188401905792
0.996102208748376,1.020159258614907,1.019488298784171,0.948750664028474,1.0201592586149062,1.0747784888734826
1.049552649690296,1.0609382210450915,1.0794372014880014,1.1660557476612303,1.0609382210450908,1.0756454569420881
0.5087209302325582,1.2264738302754739,1.2127474576838544,1.3133437863400477,1.2264738302754754,1.0777514665975891
1.4316702819956617,1.213317464463635,1.2057765054676708,1.1523397991464377,1.2133174644636342,1.0777771118035966
1.0607734806629834,1.0250636579709083,1.025275460447309,0.9619844740080072,1.0250636579709094,1.0744222533957346
1.2041625371655105,1.0174295218834406,1.025344583761409,1.0310687089127073,1.0174295218834404,1.075587761215344
1.1422413793103448,1.0380422547844388,1.0277512937996645,1.0780061233072675,1.0380422547844403,1.0746483368221096
1.1522633744855968,1.1328684975756638,1.095359399052821,1.2195064563780398,1.1328684975756638,1.0763761416001032
1.155527795128045,1.0348104578673425,1.0270439030880527,1.0900801712340769,1.0348104578673438,1.0746930342349927
1.0903426791277258,1.2638823293561618,1.2192309181144902,1.3589682891367554,1.2638823293561618,1.0784675417203242
1.1904761904761905,1.203598121329215,1.1579037210273693,1.2380533186627976,1.203598121329215,1.0774308731037596
1.45413870246085,1.1793333071867327,1.153793987224381,1.234050287105639,1.1793333071867325,1.0775838374100455
0.6793478260869565,1.0779328433224338,1.08111711135084,1.0423317526331903,1.077932843322433,1.07572049957521
1.3165593914569924,1.0205540691148671,1.0260365073879545,1.129227024755794,1.0205540691148687,1.0745690000632
1.3983050847457628,1.1171800597585537,1.0867645660097285,1.3546498337609882,1.117180059758553,1.0756250710815267
0.9021986353297952,1.0195192960286503,1.026921433549475,0.931562101032372,1.0195192960286519,1.0744143675571964
0.9946236559139784,1.0004215628692121,1.0176145557939498,1.069839751679201,1.0004215628692115,1.0746795808105019
1.151631477927063,1.0216444121685326,1.0210303129425844,0.9042734975216596,1.021644412168532,1.0745729655039404
1.3665822784810129,1.1608222143098363,1.1505619617275515,1.1091060413232834,1.160822214309838,1.0767409150402898
0.5008347245409015,0.9705956720486342,1.0191531481614768,1.0240826956119593,0.9705956720486357,1.0746440534482133
1.337295690936107,1.208675941023687,1.1592205798326072,1.1325879047808771,1.208675941023687,1.0773294216940508
0.9703628002043944,1.1397797056705856,1.1471589479467263,1.2027589424389424,1.1397797056705872,1.0768490993560023
1.167621776504298,1.0259487603033586,1.0218134930777056,0.9960868864869324,1.025948760303358,1.0745375995567115
1.4423076923076923,1.1160836853899454,1.087166116215851,1.1731021721658634,1.1160836853899447,1.0755427174886585
0.6954779622209502,0.9747550808819796,1.0184890173690138,1.1528072408370311,0.974755080881981,1.0748258710719756
1.2949640287769784,1.1280822870728382,1.1457316922544432,1.024099164999792,1.1280822870728395,1.076488532783089
1.0,1.1190157844052104,1.092943459064029,1.3033661580321887,1.1190157844052102,1.076474064086925
0.9302325581395348,1.1323939173908277,1.0953258639096752,1.176340536098726,1.1323939173908277,1.0763720126329996
0.8728027658266749,1.1762058290149338,1.153565102474921,1.173756946536575,1.1762058290149353,1.0765834969224857
1.0555555555555556,1.0172356563930427,1.0202397550759712,1.0278972610672636,1.017235656393042,1.0746074230784066
0.8778625954198473,1.1551752225503953,1.1519573610577367,1.2065609253084857,1.1551752225503966,1.0760689144053055
1.106951871657754,0.961173936340033,0.964773194748526,1.001991959495175,0.9611739363400346,1.0735401971289678
1.3398294762484777,1.0513999739449635,1.0857625359191194,1.048562571759474,1.0513999739449653,1.0752767331698163
0.9545628102329132,1.1341046154767707,1.146636269607752,1.1550874839275584,1.134104615476772,1.0764681136967753
1.393901680149347,1.0355790894835026,1.028056262793527,1.0797850209292297,1.0355790894835042,1.0745540918039829
1.3616071428571428,1.0996446043537724,1.0840883933101255,1.235134042913337,1.0996446043537718,1.0756909527836245
1.266891891891892,1.1235963838575374,1.0872179611450592,1.2417310184422847,1.1235963838575367,1.0756808947167678
1.2323707186030892,1.0941834717495718,1.08830671268692,0.9832705550213744,1.0941834717495733,1.0757217752330668
1.0087747389995516,1.0675614647366956,0.9803847796617348,0.9717092344640814,1.0675614647367428,1.0700785951336345
1.102803738317757,1.1033644408192789,1.1430270150718476,1.2554663183315182,1.10336444081928,1.0764191110165302
0.7608406238113351,1.1522948032533518,1.1503167535784744,1.243158949659329,1.1522948032533529,1.076262298611563
0.6206361520558572,1.1108110995364167,1.0867935407755018,1.1872907857324049,1.110811099536416,1.0754968446641373
1.2240107310529846,1.0831528487890822,1.0834020634725998,1.1041829469767217,1.0831528487890816,1.0754746554979147
1.183704842428901,1.1453519775741112,1.1483890852738847,1.222322185477788,1.1453519775741126,1.0764203388594136
1.079447322970639,1.119543186654126,1.088368620182962,1.1139524909319574,1.1195431866541254,1.0754271863011262
1.2703830109973455,1.1754140813870086,1.14794689127846,1.344764672009752,1.175414081387008,1.0766439025602037
1.2114537444933922,1.2355512636982933,1.2087846760844168,1.023214262624999,1.2355512636982926,1.077752106875825
1.2486328837039735,1.2069645394104136,1.2122052626957596,1.1527694366525816,1.206964539410415,1.0771044901895739
0.9313432835820896,1.0073526680514509,1.0227085448285658,0.9695273744336348,1.0073526680514522,1.074818218848954
0.6273764258555133,1.098648174248891,1.0830599367359413,1.1530321073372174,1.0986481742488903,1.0758279133104245
1.1916342412451362,1.080234745502163,1.0803217240215184,1.2084467737076918,1.0802347455021621,1.0758861564233804
0.9943181818181818,0.9926860941396586,1.0161099001870957,0.953581716049932,0.9926860941396578,1.0747579100044304
0.8139350752177356,1.0642460098427846,1.0329639731138398,0.9084119778592264,1.0642460098427844,1.075339742710387
0.6359102244389028,0.9981492327303936,1.023974296893254,1.0787023290845068,0.9981492327303951,1.0744468872050967
1.4292300599354542,1.0561347962335284,1.083580335475958,0.9969629188493326,1.0561347962335297,1.0753503906693345
1.0901883052527257,1.111878098425276,1.0924390905111168,1.1791416473007867,1.1118780984252759,1.0764119644216865
1.0728542914171657,1.0595357321695327,1.0833416319383655,0.9601568909173352,1.059535732169534,1.0754527945281094
1.0314111579934364,1.0187651842429464,1.0244730307379273,1.080662496876421,1.0187651842429477,1.0747718808937958
1.077812828601472,0.9616937899257028,0.963851882956692,1.02270174309644,0.9616937899257042,1.073690349705664
1.031746031746032,1.013657510082653,1.019028867323074,1.0725732626009847,1.0136575100826521,1.074721922024163
0.5027322404371585,1.139474594697559,1.1430121929540864,1.0802996520980328,1.1394745946975584,1.0766952942757404
1.0268562401263823,1.1499336348322318,1.1488344986296373,0.9037800897385888,1.1499336348322333,1.076791811376782
1.3249348392701998,1.0820616909305076,1.081408867096208,0.921157882223331,1.082061690930507,1.0757564215890116
1.0725010725010724,1.0055860319766716,1.023420094702118,0.9769094504520068,1.0055860319766727,1.074325608005075
0.7120743034055728,1.0435596298717058,1.0286201897606662,1.0906016973729045,1.0435596298717074,1.0746235245147975
0.8943911066195048,0.978711181492605,1.018768566335691,0.8897853753929106,0.9787111814926065,1.074860290143403
0.5515191545574637,1.1822017694016218,1.153509769100049,0.8147568632732974,1.1822017694016234,1.076708477973383
1.0694444444444444,0.9969143802126594,0.9706597627642152,0.8472176141565088,0.9969143802126592,1.0743145746111924
1.0101010101010102,1.02117386540016,1.0260881924276182,0.9935425456677494,1.0211738654001599,1.0755475230869327
1.1010362694300515,1.1363240087918824,1.1507469431989388,1.19989374305661,1.1363240087918842,1.0762365150446171
1.0348905972797162,1.0857644194604121,1.0877117992609282,1.0828432912204808,1.0857644194604137,1.0756485273583
1.3390160740379933,1.0941548088450395,1.0892627333653235,0.9148383282301558,1.094154808845041,1.0755758961389743
0.8894337940258582,0.949117415027547,0.9629632016633296,0.8280904104736571,0.9491174150275485,1.073580932077418
1.2965286491007946,1.0819950614213565,1.082362204949746,1.216031194302862,1.0819950614213556,1.0756102121758995
0.9727626459143968,1.1742320943018556,1.1493004379323946,1.1512606091960322,1.1742320943018552,1.076415174395539
1.0,0.9955855556951184,0.9705658643634072,0.89126958083055,0.9955855556951183,1.0743030135033023
0.9407772979642196,0.9640998173211844,0.9645009225192304,0.8653466720791623,0.9640998173211859,1.0736384678900206
1.3937282229965158,1.107089678501917,1.091621704529987,1.1912595544282163,1.107089678501917,1.0764431188224697
0.99009900990099,1.0155665137971512,1.0242470038731248,1.0341087455681213,1.0155665137971528,1.0747440516555173
0.9592326139088728,1.1537736015250326,1.144501623203857,1.1067170294554551,1.153773601525032,1.0767468843757138
1.4540647719762063,1.0961908519796233,1.0889275827426297,1.1521318999689294,1.0961908519796248,1.0756664250867078
0.945067264573991,0.9313839584770751,1.0163823404673742,1.0019830070592743,0.9313839584770769,1.0743029016669403
1.0240804445620535,1.1557797984716818,1.1526086544568466,1.1089471129741306,1.1557797984716818,1.0773061010938338
0.7142857142857143,0.9948595421539563,0.970035539207605,0.6960961574945899,0.9948595421539561,1.0743695118624925
0.971986417657046,1.0399628307366564,1.024240835015167,1.0047581788966775,1.0399628307366557,1.074441080918705
0.6352941176470588,1.023917180545712,1.0235860282121985,0.9663611099009672,1.0239171805457115,1.0742286648620727
1.0038240917782026,0.9438921930508649,0.963072996124084,0.8857770368711063,0.9438921930508665,1.0734626564707481
1.4632107023411371,1.1451329701555364,1.1475372243614106,1.4088361959284006,1.145132970155538,1.0768956741049311
1.3215859030837005,1.0935996441704183,1.0887444808610538,1.0781481950346317,1.0935996441704199,1.075643880926322
0.9308043554618896,1.2209245141183716,1.208709155746243,1.30995378346777,1.220924514118371,1.0774792207519734
0.8756567425569177,1.083767608123988,1.086011969120966,1.2011654378771568,1.083767608123989,1.0755179882307029
0.7038442940038685,1.0894899680530123,1.0874960337478332,1.1866671898085863,1.0894899680530137,1.0757537554289223
1.0683760683760684,1.0889535983025105,1.0879371554228676,1.0991468046516533,1.088953598302512,1.0756762740172363
0.7319304666056725,1.215009050109933,1.2108576178249235,1.351889701035296,1.2150090501099344,1.0774657388974158
0.9828009828009828,1.0587479894062501,1.083407628697981,1.015982150555821,1.0587479894062517,1.0757775519133193
0.8387434554973822,0.9606389797707736,1.018449580858279,1.0165410969862116,0.9606389797707752,1.0745574277183794
1.2861736334405145,1.2238018496932097,1.213037671214733,1.2879592032172384,1.2238018496932113,1.0776554048339368
0.7523364485981309,0.95175696967206,0.9630280590322688,0.9698070643513724,0.9517569696720611,1.0732722859218466
1.191996594295445,1.1839157985440674,1.1539882493266431,1.3406612957418005,1.1839157985440685,1.0763189646531008
1.2292891501870655,1.0669952438583312,1.083990402415568,1.1947080224609392,1.0669952438583328,1.075849305103646
0.6110154905335629,1.1019142888189142,1.0893320165555531,1.2532853331508873,1.1019142888189157,1.075716220428326
1.0554089709762533,1.0697667921377738,1.0841862476515391,1.143432295909783,1.0697667921377754,1.075873418271531
0.7457171649311387,0.958381909830121,1.0176894062066228,0.8902040745298576,0.9583819098301223,1.0742789945557885
0.5990220048899756,1.0956544822291214,1.089368704417664,0.8925806158322991,1.095654482229123,1.075588943675022
1.038911975821685,1.0149882265052015,1.025042525745114,0.9790948742561302,1.0149882265052028,1.0742617797452658
0.7970297029702971,1.0904298251022617,1.0866044005576834,0.8969045055470165,1.0904298251022633,1.075907562141505
1.02,1.140729378290534,1.1490204857532234,1.2380981903939372,1.1407293782905352,1.0762344913621065
1.1144883485309016,1.0220091265254716,1.026147214279555,1.025309914148876,1.0220091265254714,1.0755547900690352
1.0790031813361611,1.0348660712032927,1.0821990896113898,1.0468898990575293,1.0348660712032942,1.0754969583518719
0.7851239669421488,1.1223091826046985,1.094134225731039,1.1870976571822862,1.1223091826046985,1.0763570877609066
1.0708401976935749,1.018430980215082,1.0249363265266571,1.050066288571035,1.0184309802150815,1.0756692890147914
1.2682551883166795,1.157679114021322,1.146214666592314,1.1023787049521878,1.1576791140213214,1.0765624187384
1.0416666666666667,1.0962506436468098,1.0889396963133815,1.000211604690587,1.0962506436468096,1.0766400759292585
1.0715914272685818,0.9888537547177392,1.0198426307045534,0.9466289653214268,0.9888537547177403,1.074544107278881
1.329653788258906,1.0547316719471176,1.025763465056652,0.7611397237992992,1.054731671947117,1.074496758696111
0.9689922480620154,0.9906262869052187,0.9697364057307448,0.7473175999995746,0.9906262869052185,1.0743326814759282
1.1359185272228751,1.0825124479644648,1.0819197418689857,1.1606274816307325,1.082512447964464,1.0756875284289014
1.2725344644750796,1.0969453403318756,1.0894599200070203,1.0634615405120431,1.0969453403318772,1.0756001744655437
0.99009900990099,0.9566142140099512,0.9603257971975844,0.8348618748227721,0.9566142140099505,1.0733493758586221
1.065891472868217,1.0221600484603524,1.0261499903123594,0.8857922858583113,1.022160048460354,1.0745829724878786
1.2699350265800355,1.0986491773370741,1.0891012947841243,1.08000880061846,1.0986491773370757,1.0756878131363046
1.2474012474012477,1.1327322840674072,1.1461819346842228,1.1218266218554749,1.1327322840674088,1.0768605998733722
1.3634513634513634,1.183235162833107,1.148499550437502,1.0604290081342946,1.1832351628331064,1.0767119479380713
0.8401172256593943,1.1264020849352443,1.1465710106212856,1.173223917679858,1.1264020849352456,1.0763282848818247
0.7166123778501629,0.9629654765377892,0.9648997899139012,0.9237859130002094,0.9629654765377907,1.073555783979784
1.0503040353786623,1.0347885328473707,1.027521376844843,1.051462764361352,1.0347885328473723,1.0746200286219956
1.2764084507042253,1.1304432986895145,1.0956670508581354,1.1682838163867066,1.1304432986895143,1.0762822268993448
1.1799410029498525,1.0697150062362488,1.0864560426793737,1.039575719564156,1.0697150062362502,1.0751772824765364
1.25,1.0923637377913653,1.0891440598778068,1.0843119831890202,1.0923637377913653,1.0765334440098209
0.942173479561316,0.9683139243180343,1.0183912297092053,0.9760171297584974,0.9683139243180355,1.0743654055826364
1.2763596004439512,1.1651198579785293,1.1512230072734313,0.8526969597786931,1.1651198579785307,1.0763738798169198
1.066982809721399,1.1463175221070552,1.1476209280652885,1.218767526703103,1.1463175221070567,1.0769059800051701
1.0350492880613362,1.0616183445057756,1.0831314328569377,0.879004960801203,1.0616183445057772,1.0758753395852207
1.3109756097560976,1.2297373740091402,1.2098109197412488,1.2110704979545932,1.2297373740091397,1.0774830799922288
0.6680026720106881,1.2319076792502097,1.2136104514596624,0.8098288492037891,1.2319076792502113,1.0777259275920668
0.9049773755656108,0.9819359538485661,1.0189964376333662,1.015146805430101,0.9819359538485676,1.0748883464748722
0.8163265306122449,1.1105918919827331,1.092827226659981,1.2204810050527286,1.1105918919827331,1.0763279592419768
1.3731825525040389,1.1303926978978025,1.145537590041725,1.2159831897893496,1.130392697897804,1.07691305974441
1.4772727272727273,1.1775791701180442,1.154141169579388,1.2486059798116902,1.177579170118046,1.0765226304760762
1.2195121951219512,1.0884350137823808,1.0892159190962685,1.1799937561179608,1.0884350137823822,1.0751217066763294
1.4066496163682864,1.1794112379147856,1.1533125824583523,1.353815953755238,1.1794112379147872,1.076684199646814
1.0057270568515155,0.9479566292939483,1.014386262105976,0.911269418257864,0.9479566292939478,1.0741503078183374
1.10615,1.069376675403229,0.6314172085754166,0.9879924500533692,1.0693766754036036,1.029354098371667
1.2188365650969528,1.168532149851046,1.1515857900498867,1.3197056139031724,1.1685321498510475,1.0767351785609964
1.4632107023411371,1.214323197888939,1.2077636655182964,1.3932869183465104,1.2143231978889384,1.0774946024984209
1.1614055985705778,1.0413310013237158,1.0284627087284537,1.1714321999284518,1.0413310013237174,1.0746041348852788
0.5879237288135594,1.0157799807386905,1.0247411110743296,0.9896359998444432,1.0157799807386918,1.0746730940118552
1.483463035019455,1.170221985881628,1.1485380495860238,1.1746782973907366,1.1702219858816274,1.0764531003023723
1.2239902080783354,1.0601672062402758,1.0819491845183815,1.0571041424873016,1.0601672062402772,1.0756767330909338
0.6964964119881807,1.0862350485185872,1.0881024174124805,1.0227317194777203,1.0862350485185885,1.0752481961442062
0.9203767123287672,1.0218295925822558,1.020564375261622,1.1442126205247387,1.0218295925822551,1.0746473914799697
1.411764705882353,1.1310900483446003,1.147023935862517,1.0712226921786223,1.1310900483446018,1.076700682289476
0.8752276867030966,0.9533012169801114,1.021763258639559,0.9218445097933972,0.9533012169801132,1.0739110684560866
1.1538461538461535,1.071735014391749,1.079721109607778,0.9489801458961216,1.0717350143917483,1.0758122066225546
1.3064133016627075,1.218798642224603,1.1604149008226952,1.004707199846166,1.2187986422246029,1.0773446768835122
1.3001230012300122,1.2271146074768076,1.212313713726898,1.1081612266592418,1.2271146074768091,1.0778298563803863
1.1463590483056958,1.1272067910611838,1.1416662931169794,1.129558058611706,1.1272067910611832,1.0766613761549706
0.9809523809523808,0.9569241649264631,0.9639938711548665,0.9910206189246666,0.9569241649264647,1.0735760379074137
1.2610132158590308,1.155644638634912,1.1497170769290423,1.2455261705203626,1.1556446386349135,1.0767686836880481
1.1363636363636365,1.2265830778596232,1.2122761543799887,1.2710472741912813,1.2265830778596247,1.0778252319388817
0.7033248081841432,1.1114701477495912,1.0914522175144332,1.0311111276455245,1.111470147749591,1.0765540448676951
1.0679611650485437,1.053050945707413,1.030735829926664,1.0975789623049694,1.0530509457074129,1.075460787412989
0.9720352923583072,1.0219144012027361,1.0831999810886848,1.1378793354428045,1.021914401202738,1.075093016122527
1.1907824222936765,1.1567410131933524,1.149315526736334,1.26425535408721,1.156741013193354,1.076851037282568
1.0823630875377317,1.082077631957786,1.088287665945313,1.1946939358404702,1.0820776319577874,1.0751392107135196
1.1733800350262698,1.0596474219933603,1.0321600011899683,0.9153418184209784,1.05964742199336,1.0753725486980117
1.3529980657640233,1.1809941495503846,1.1548693929989695,1.1756006563818375,1.1809941495503846,1.0774526574371905
0.9154929577464788,1.1247913311130282,1.093830598142902,1.309340031244039,1.124791331113028,1.0764514979377173
1.1170688114387846,1.2284101512276968,1.2122835995838623,1.2260131919121564,1.2284101512276981,1.0775095169916291
1.331615120274914,1.1187325641035992,1.024536338264025,1.1741229241608924,1.1187325641035986,1.076247906984251
0.7587609511889862,1.0551176730736203,1.081592370595311,1.0681821793851551,1.0551176730736214,1.0756328008809513
1.4610389610389611,1.2515482727771838,1.2169222905837649,1.3552829140691214,1.2515482727771838,1.0785786769018775
0.5272603719599428,1.0209040670801883,1.020977998119277,0.9034611864543318,1.0209040670801877,1.074566524315259
1.145912910618793,1.177012945901721,1.150454986644807,1.234090246202449,1.1770129459017202,1.0762937387850486
1.0073260073260073,0.999918507873286,1.0175790085422152,1.0218362780848411,0.9999185078732853,1.074675204105372
1.4354354354354355,1.1715665216010827,1.152279230155364,1.0561758942182824,1.1715665216010842,1.0766887634994498
1.0436432637571158,0.9832439345080656,1.0208832944729382,0.9639683517304988,0.9832439345080668,1.0742768558511397
1.342613381230355,1.2183878727426918,1.2120544208176995,1.278661005099916,1.2183878727426931,1.0773495057854758
0.9652509652509652,0.9934183272790376,1.020286836808567,1.068470696869558,0.993418327279039,1.0749154311550855
1.375,1.1766068423939755,1.2092237189558432,1.160019693876473,1.1766068423939773,1.0773176112469056
1.2629161882893227,1.0294320847184182,1.0225386574151845,1.0807810727178415,1.0294320847184175,1.0744950904963932
1.025,1.134465202275609,1.1471407727033318,1.266512176300174,1.1344652022756103,1.0763984360329153
1.337448559670782,1.1446137188999486,1.1473788718041575,1.092515720722477,1.1446137188999497,1.0765595455426664
1.1254422643936957,1.0789351502570759,1.0871075634538234,1.194055183132928,1.0789351502570772,1.0752575000510771
1.1664899257688228,1.0363550280857097,1.0281110927525705,0.8914953565617639,1.0363550280857112,1.0745608426651974
0.5923119658119658,1.0123828754320887,1.0243794014224548,0.8769769507827011,1.0123828754320898,1.0743119273947257
1.146131805157593,1.0965353917577114,1.088959817399269,0.8888732406739682,1.0965353917577112,1.0766425533095205
0.9433962264150944,1.165136449727047,1.0306895028815517,1.1683238985995852,1.1651364497270462,1.0762147433144902
0.6504770164787511,0.9926824455676304,1.0216719064970583,1.0166521803024613,0.992682445567632,1.0746905842194983
0.7712082262210797,0.9950873406426777,0.970051636076315,0.7143139333718769,0.9950873406426775,1.0743714937667024
1.4132278123233466,1.0728560267161453,1.0858416105937854,1.1357929038626429,1.0728560267161469,1.075681850810799
1.1764705882352942,1.1098945415359354,1.0913408808391891,1.068617648769236,1.1098945415359354,1.076540336696911
1.5,1.1264238869488643,1.093945959035323,1.3281302774387072,1.126423886948864,1.0764657015845538
1.1959654178674353,1.1558718957024225,1.205241754477164,1.1393545633174609,1.1558718957024239,1.0771696753432098
0.5157437567861021,1.0852196352063121,1.0870726194325702,1.1594439936611238,1.0852196352063135,1.0753849915123221
0.9235517568850902,0.987908547782624,1.024216596490749,1.022011127482174,0.9879085477826239,1.0751852915879125
0.9429877315371662,0.9533005904584766,1.013805835044219,0.9425241888510364,0.9533005904584759,1.074342431345642
0.6944444444444444,1.1706599793064087,1.1526941944187443,1.2848095047568675,1.1706599793064103,1.076608061493423
1.362637362637363,1.1994930968720203,1.1571346256523694,1.1867739321635489,1.19949309687202,1.0774679732171721
1.150251617541337,1.045946292057143,1.0311918416073504,1.09051900628464,1.045946292057143,1.07525334541773
0.7914847161572053,0.9652753965248464,0.960458797173205,0.8635521226327108,0.9652753965248456,1.073497545187122
0.9234234234234234,1.0366708121918997,1.027175360849184,0.9024233983654396,1.0366708121919013,1.074709219786039
1.3669064748201438,1.1411891146779116,1.1477375637086584,1.1896908151770091,1.1411891146779132,1.0767885467094411
1.3,1.0336983722968203,1.0237981711256432,0.9904144564733166,1.0336983722968196,1.0743865785529372
1.2625250501002003,1.2352454940778634,1.2157702913330075,1.2288964149256445,1.2352454940778632,1.0784368386222822
0.96,0.9472355163113979,0.9637882675943352,1.045093908157116,0.9472355163113995,1.0734189293651344
1.096333572969087,1.050525896699174,1.031994472125496,1.0452613948350262,1.050525896699174,1.0752203742714213
1.1183597390493942,1.0649307259126573,1.084323540929673,1.2000788133145597,1.0649307259126588,1.0757585284178863
0.8829081399376515,1.1577086151593752,1.2048925190943487,1.0948040047777787,1.1577086151593765,1.0772584701247596
1.0744077410744075,0.9558453941105167,0.960271470265688,0.6885245528057584,0.9558453941105161,1.0733426869319143
1.0479041916167664,1.0000146152817107,1.0226690408454495,1.0776974284436498,1.000014615281712,1.0746815610823905
1.0438908659549229,0.9607763763726005,0.9601408840161832,1.0923557127121517,0.9607763763725998,1.0734584025789797
1.2178308823529411,1.2280788001170442,1.2127392084407358,1.235330382067877,1.2280788001170455,1.0774338192937318
1.2489592006661117,1.2732011294466121,1.167554960609968,1.2085275772805772,1.2732011294466592,1.0731858098985736
0.9173304037352376,0.9795702131692491,1.0230188143989358,0.796148965460196,0.9795702131692504,1.0738808192514635
0.9640102827763496,1.1321280934362967,1.1424930689381902,1.1140922228677794,1.132128093436296,1.0766313778649763
0.937405503477472,0.9466813448829694,0.9591448902647544,0.9472870717403828,0.9466813448829687,1.0733357722560022
0.9571558796718322,0.9875105986530159,1.02022674263624,0.8663215048918826,0.9875105986530172,1.074459606623119
1.4377537212449256,1.2153741944273457,1.2123204890455133,1.2794603321995042,1.215374194427347,1.077250471165509
1.306522613065327,1.146955358065307,1.1476659993110905,1.1830173518058884,1.1469553580653085,1.076911529338609
1.102629346904156,1.0449743974885253,1.0245949661267864,0.8593147946770879,1.0449743974885244,1.0744846828113193
1.1828320378506252,1.1779252316503235,1.1560896039237565,1.130030196311237,1.1779252316503235,1.0772075124993221
1.218487394957983,1.0603021543651598,1.033164312461088,1.0046738553306431,1.0603021543651596,1.075232615314897
0.8658008658008658,1.0062077925521842,1.0235856908502907,0.98532387734989,1.0062077925521855,1.074662628424234
1.060070671378092,1.0243394093746536,1.025832855445611,1.0226554113226056,1.0243394093746536,1.0756478789763728
0.9262536873156342,1.0105085661268975,1.0228098884466617,1.0439156040528277,1.0105085661268987,1.0745140650112428
0.8691756272401434,1.2557815280259215,1.2172214240606247,1.2352907939859938,1.2557815280259215,1.0786155072884418
1.102406267487409,1.0283837869560974,1.0261107537793697,1.0843669837512513,1.028383786956099,1.0747099354396827
1.2130801687763713,1.1033570127706478,1.0894339634041303,1.3070169258675437,1.1033570127706493,1.0757287724899725
1.07981220657277,1.0378314416046317,1.0282233087256123,1.0983616497239086,1.0378314416046317,1.0755468184745522
1.2478235635519443,1.2237971980329985,1.2125583194765124,1.1185797503146837,1.223797198033,1.0777281792231246
1.3315579227696406,1.203640862030901,1.2105333333793853,1.263009249058524,1.2036408620309023,1.0772940179389052
0.7648546144121365,1.1952598416232827,1.156835492175509,1.243326269031069,1.1952598416232825,1.0774311428306078
1.0093896713615025,0.9944764528079478,1.0213196529513602,0.9547287823194828,0.9944764528079494,1.074779007394009
0.8955223880597015,1.0027730634094199,1.02190591431042,0.987872208710604,1.0027730634094212,1.0748511899952629
1.1791269443050678,1.0784088031620014,1.0852759389950124,1.1238377965586157,1.078408803162003,1.0758757910836292
0.8914386584289496,1.1058627961465823,1.08961102895994,1.1962473696445566,1.105862796146584,1.0757505734362796
1.0661345496009125,1.1005996077551132,1.0897181406092429,1.1145028876201002,1.1005996077551148,1.0756319675122417
1.066010660106601,1.0674825810467798,1.086298293366016,1.1128137053149223,1.0674825810467812,1.075157859815281
1.094890510948905,1.0236236939642103,1.0197331053291347,0.8717077652813316,1.0236236939642094,1.074808630333339
0.5194805194805194,1.0101209319396909,1.0246985893035974,1.0890118712641863,1.010120931939692,1.0742194330569994
0.7225536992840096,0.9642137163757131,0.9645089709401712,0.8823291913345466,0.9642137163757145,1.0736394588404738
1.3541666666666667,1.0643599090871452,1.0329720215481948,0.9084119778592264,1.0643599090871452,1.0753407336624918
1.0048886474741987,1.0064877007196003,1.0240844929715358,0.8541595572234557,1.0064877007196018,1.0745922488359663
0.7683551508252704,1.003612121366042,1.021965204456916,0.9000077903566805,1.0036121213660436,1.0748584900107536
1.090159104301709,1.1039358123128737,1.0904329090523466,0.8162730456173191,1.1039358123128753,1.0755881784721213
0.9330484330484332,1.0752705426271407,1.0804499628110031,1.0689779204979035,1.0752705426271398,1.0757701517486176
1.207022677395757,1.100968400644554,1.0856190055198698,1.1588112901749408,1.1009684006445533,1.075484025565267
1.3872135102533172,1.075651586429741,1.0846020834265464,1.0337537025011307,1.0756515864297425,1.075924617463616
1.02803738317757,1.0684852373554423,1.0850537355386238,1.3163790282172194,1.0684852373554439,1.0757166387026336
1.176716917922948,1.1857311214072979,1.2098684656447916,1.0624926185274657,1.1857311214072994,1.077396994771743
1.1294117647058823,1.0564975637780172,1.0826479235517432,1.048703972631275,1.0564975637780185,1.0754991765579194
1.0577346848832083,1.0051970309001204,1.023035244608601,1.0519494746467253,1.005197030900122,1.074726649403162
1.162790697674419,1.0698886740988482,1.033841722352632,1.0763724530063423,1.0698886740988482,1.0753160204503902
1.1666666666666667,1.1060595570759117,1.0929859824297283,1.0850841108890896,1.1060595570759117,1.0762157119272784
0.9950248756218906,0.9808373007206707,1.018918803776984,1.0700466776875346,0.9808373007206721,1.0748787879160273
1.3592233009708738,1.2084624740821477,1.1587264726314024,1.208648676785013,1.2084624740821477,1.077400379337713
1.1325742171614477,1.1342701310718577,1.026592311624195,1.1133936825096122,1.134270131071857,1.076237458009506
1.3020833333333333,1.108024507324407,1.0921667851487733,1.2716858633062689,1.108024507324407,1.076378437208805
1.1667615253272623,1.0356693538602586,1.0275836180839355,1.0644996448030917,1.0356693538602602,1.0746276919865916
0.986842105263158,0.9614915244354933,0.9643166133590872,1.0511238645719414,0.9614915244354949,1.0736157750851674
1.0652765185856754,1.182130511471039,1.2066182375606291,1.3126054951993424,1.1821305114710403,1.0774709467719121
0.9507346585998272,1.0763063188015405,1.085606394697666,1.221664490783864,1.076306318801542,1.0757846840805014
1.2627808531422988,1.111893048216206,1.0873490172886633,0.964518463660545,1.1118930482162053,1.0754334430302748
1.443001443001443,1.1548388956226974,1.1491811178691915,1.2580845306158082,1.154838895622699,1.076834488380765
1.4266304347826086,1.1443356752551797,1.1474808853075116,1.279823001525087,1.1443356752551812,1.0768887374385454
1.275820170109356,1.1220946633659439,1.1449512280638217,0.9239675760333652,1.1220946633659454,1.0768408647546033
1.21996303142329,1.236966515737288,1.2149259688591745,1.0511367397939393,1.2369665157372896,1.0776243110236736
1.3064133016627075,1.199701912153348,1.1571493811153537,1.311475283585249,1.199701912153348,1.0774697899626977
0.6588583737210555,0.9920806175497131,1.0215077188383122,1.0512759671456626,0.9920806175497143,1.0743537372186092
1.1160714285714286,1.221444169133036,1.212270387139558,1.3370162014955316,1.2214441691330373,1.0773760963336232
1.3630731102850062,1.1529739236258527,1.147969626899227,1.1938348803697605,1.1529739236258538,1.0766322814288154
1.1555708865125909,1.113426362148276,1.1448177250610536,1.1386150330224551,1.1134263621482776,1.0766926334915967
0.9789525208027412,1.1452028716701674,1.1429379457450664,1.191550582767427,1.1452028716701668,1.07681794658754
1.2674825174825175,1.1490864529205858,1.1510480887843877,1.3088016780844376,1.149086452920587,1.0760887554362248
1.45985401459854,1.2200896229540448,1.2126536942143953,1.187260260516124,1.220089622954046,1.077291496580999
1.2803426939552591,1.0714882326956343,1.0797036713333423,0.95690780570723,1.0714882326956334,1.0758100595596607
1.0584810796507012,1.01410708402304,1.0270259033065454,1.01247923365466,1.0141070840230397,1.0752675957301834
1.1266747868453106,1.071383695822719,1.033468341666752,1.230626035746314,1.0713836958227188,1.0754018423756253
1.2408759124087592,1.0147937427710558,1.0245497599496354,0.6758751375336796,1.0147937427710572,1.074332902547612
1.164882226980728,1.1009487440961383,1.0901001737507356,1.2327816874746658,1.1009487440961394,1.0752305792809178
0.5677655677655677,0.9929342554905048,1.020252630962558,1.203778806043618,0.9929342554905063,1.0749112196086397
1.268732970027248,1.1843871154470513,1.1565462184328292,0.9932542957802076,1.1843871154470513,1.077263732515405
1.3643659711075442,1.1560715727078223,1.150705291344866,1.1054727396711097,1.156071572707824,1.0766267684023754
0.8641975308641975,1.0041382799880103,1.0247548616758912,1.0332387390278734,1.0041382799880116,1.0740945676188323
0.7022968197879859,1.165572875213822,1.031678387986824,0.7607045695057438,1.1655728752138212,1.076072910606508
1.238660153524075,1.2194250290175639,1.2076451519203242,1.2112357656849004,1.2194250290175632,1.0776118045736438
0.696969696969697,1.0580291977047063,1.031566629965052,1.0313987487321037,1.058029197704706,1.075431284599047
0.8188585607940446,1.1416257284479607,1.1477684160403523,1.2019675360185174,1.1416257284479623,1.0767923453591763
1.0209143968871597,0.9645823211717115,0.9613678686377906,0.9895157688211984,0.9645823211717108,1.0733458855374332
0.7851775956284153,1.052278700609839,1.0819924448530398,1.1065359389540248,1.0522787006098406,1.0758668971914802
1.037562656641604,1.089209871602322,1.0879552644001664,1.256902808806546,1.0892098716023235,1.0756785036594723
0.801840289188301,0.9954051495682942,1.023658731584934,0.952706763133172,0.9954051495682954,1.0740914020450503
1.1409013120365088,1.1764831723159843,1.152626654238354,1.0920207542137248,1.1764831723159859,1.0767315395986434
0.907555930772478,0.9845445666394277,1.01953813160479,0.9070528114802908,0.9845445666394288,1.0745066162575803
1.020408163265306,1.0027564973786056,1.0177795486982268,0.9729457567999936,1.002756497378605,1.0746998953286517
0.965,0.9778472572729293,1.0196655651487438,0.9391904828115752,0.9778472572729308,1.0747071440655567
0.8648648648648649,1.0802173717748658,1.0876771917973924,1.1671574860745084,1.080217371774867,1.0751958408413322
1.1283851554663993,1.027701058415224,1.0274995794173076,0.8628684474055578,1.0277010584152255,1.0744855509500628
1.1428571428571428,1.2675650715904898,1.2194911508253012,1.293668211789475,1.2675650715904896,1.0784995825050483
1.0363636363636364,1.069951972551497,1.0837203099705768,1.0330269416327844,1.0699519725514983,1.0759478442475603
0.9422850412249706,1.0894275201148835,1.0210284940144072,0.8335941197073915,1.0894275201148829,1.0762113903021788
1.1425732737208147,1.0282043016944244,1.0265770938954637,0.8786349634155189,1.028204301694426,1.0746355590129104
0.94679186228482,1.189970552885751,1.1545377557801344,0.7431828883686612,1.1899705528857525,1.0767032534860106
1.395631067961165,1.0589733298476187,1.0330704140602798,0.930059347034814,1.0589733298476187,1.0752210542070069
1.375567895002524,1.126756925241596,1.1444519911920013,1.066109572667264,1.1267569252415939,1.0767281488442064
1.190003966679889,1.0932092970473954,1.0836336567690692,1.0402866798528552,1.0932092970473948,1.0756349639896992
1.1827956989247312,1.068726046787637,1.0332805448651357,1.223044562960429,1.068726046787637,1.075378720159845
0.6843633347158855,1.1104693076616976,1.087248411859226,0.964055054420429,1.1104693076616972,1.0754210561289639
0.7066381156316917,0.9939552092798155,1.0216401826537378,1.005905757667906,0.9939552092798167,1.0743700466386685
1.2333139872315728,1.1984488672727212,1.2047258494329145,1.1894190803229698,1.1984488672727205,1.0776477512642402
0.8890005022601708,0.977762021122933,1.0187014960493994,0.9256085292791724,0.9777620211229344,1.0748520322091957
0.8571428571428571,1.0447645873969011,1.0311083391009177,1.114663930456802,1.0447645873969011,1.075243064289642
1.2400354295837024,1.1074428889759549,1.1437942324922452,1.0395181446116604,1.1074428889759562,1.0763817796826114
1.3928571428571428,1.2041296511362316,1.1579412803876925,1.2157616514298386,1.2041296511362316,1.0774354975469156
1.472785485592316,1.2066873559075866,1.1595590839696155,1.098126880561886,1.2066873559075866,1.0772393056430276
1.0747185261003072,1.0184376297737723,1.0249289078759458,1.0532083069591212,1.0184376297737738,1.0746962162276354
1.3187641296156745,1.2170381731127498,1.2060394209899334,0.994420469571402,1.217038173112749,1.077809482905689
1.1090573012939002,0.9752423846520006,1.0213975898303167,1.069441386985803,0.9752423846520022,1.0743932215786567
1.3416149068322982,1.0244989709920982,1.0272733110994747,0.8436582365483938,1.0244989709920997,1.0744576919832212
0.6348758465011287,0.9787682667985131,1.0224831236202303,0.8857262219300017,0.9787682667985145,1.0739466569759173
1.201774929126094,1.0606949105364074,1.1454027827872315,1.0705927341837889,1.0606949105364094,1.0755785228469836
0.8965968586387435,0.9953057767599536,1.0162950141772602,0.9693893066038618,0.9953057767599528,1.0747807019028424
1.1783901377810009,0.9676006511472689,0.9615811521481976,1.0060963449901033,0.9676006511472682,1.0733721457682122
1.0497667185069983,1.0589426010801248,1.082820696622644,1.1955473221977782,1.058942601080126,1.0755204489980887
1.1603919546157813,1.0445377329453402,1.0843195849890677,1.0119630795638637,1.044537732945342,1.075362659664867
1.001410437235543,1.1277583579369126,1.0879910807372366,1.3408971504435605,1.127758357936912,1.0756442900794077
0.981981981981982,1.2718835629892238,1.220754353401506,1.1396134841580492,1.2718835629892238,1.0783915247479736
0.9490940465918896,1.1372275413762662,1.1458988980760727,1.0697182975295434,1.1372275413762674,1.0766409136580348
1.051840721262209,0.9729872130320874,1.0206375493192332,0.9844772373081728,0.9729872130320887,1.0741148049319342
1.0599078341013826,1.0664860283152109,1.0331222589894875,1.1497065228921937,1.0664860283152107,1.075359231435116
1.081002331002331,1.0203432559350598,1.026508522313902,1.1010093611455725,1.0203432559350598,1.0754674817156427
1.1594202898550725,1.2392036326109594,1.2090427625326523,1.3768709884258774,1.239203632610959,1.0777838834050026
0.5858239095315024,0.9976976608915273,1.0164640312987148,1.0594983304121943,0.9976976608915266,1.0748015118970446
1.1075219197046609,1.091045211404543,1.0834807365163246,1.004205864422382,1.0910452114045424,1.0756161358997067
0.6679389312977099,1.1724900492046708,1.152352377686641,1.1451130771795268,1.1724900492046706,1.077669929062129
0.7730467135179826,1.0562041452840596,1.083706896704095,1.0282889853812136,1.0562041452840611,1.0756826049691333
0.8830022075055187,1.0340367980244225,1.0274682571915144,0.9466295520586184,1.034036798024424,1.0746134883397551
1.3433356594556871,1.234825061873857,1.2092123837021929,1.11002989716384,1.2348250618738563,1.0776729738772974
1.0412926391382409,1.0444107673473382,1.0827518832996854,0.9468606679152348,1.0444107673473395,1.0752483886660065
1.320321469575201,1.1019712384410945,1.0893360407727308,1.2587487251120266,1.101971238441096,1.0757167159043783
0.9810874704491724,1.1217730011374707,1.093617314632495,1.3304258524566857,1.1217730011374707,1.076425237706938
1.068313953488372,1.0515938903983293,1.0311118934239958,1.0569549550941315,1.051593890398329,1.075375295805122
1.3456362937331796,1.1026268598195506,1.090218754030313,1.2144437759379008,1.1026268598195519,1.0752451793102478
0.8717757936507936,1.2591744939225882,1.2188982494944844,1.376043362321618,1.2591744939225882,1.0784265823666561
1.1889321227842629,1.2103098174632316,1.2106472179347318,1.2262310891521655,1.2103098174632332,1.0777564653357574
1.0497724269563942,1.046772723191007,1.0859145846736515,1.012085885610349,1.0467727231910087,1.0751636600633487
1.0960820895522387,1.0264151343975925,1.0264506664058044,1.1019128427021505,1.026415134397594,1.0746199928069298
0.6328751431844215,1.0059099782774732,1.0220059165227902,0.9288070304695892,1.0059099782774743,1.0745468709988677
1.2067114093959732,1.0402089941890234,1.0288703361795617,1.059274186643812,1.0402089941890231,1.0754946889208825
0.8419083255378859,1.0231342173823696,1.0230516788392188,0.9691477690786858,1.023134217382369,1.0742946677452105
0.885558583106267,1.0556752209368967,1.0785862803637258,1.2156492711938114,1.055675220936896,1.075672482375768
0.8878683505549178,0.9927952475821709,1.0161176132700191,0.9490697112020132,0.9927952475821701,1.0747588596668642
1.1923276308968378,0.9956914722227652,1.020926486531024,1.000882696899363,0.9956914722227667,1.074862393228653
1.3745704467353952,1.2080115287649165,1.159173630632203,0.9621566258492368,1.2080115287649162,1.0773236411401057
1.3227513227513228,1.0463405701771054,1.0293036102290047,1.1178630680786794,1.0463405701771051,1.0755480351758615
1.0407898996438978,1.0329816620760808,1.0242265494462823,1.0922031121261084,1.03298166207608,1.0743075281337517
1.0135135135135136,1.1851013834281128,1.2068281675567216,1.217930600444757,1.185101383428114,1.0774967941059808
1.377582968065122,1.0494479250056152,1.1417339015739425,1.1017230037198915,1.049447925005617,1.0759175603997808
1.464513706346226,1.1552066453999632,1.1455609321097355,1.2071936004888588,1.1552066453999625,1.076613722498649
1.1165237724084178,1.0550177288098934,1.0830223773756178,0.9990837463440586,1.0550177288098945,1.075413486761283
0.8103271983640081,1.0275065746810783,1.0270068136218289,1.0101862059455209,1.0275065746810799,1.0745566737524093
1.0181618051733627,0.9875915597093494,1.0187953944502075,0.9648038577339458,0.9875915597093505,1.074678755584103
0.7024691358024692,1.1654898973367018,1.1523367507120303,1.0443238657676484,1.1654898973367016,1.0775362111184916
1.2857142857142858,1.1084708009814273,1.091240275409752,1.120294055479247,1.108470800981427,1.0765279497956002
1.019108280254777,1.049382337536649,1.0851488296604472,1.0477512416666004,1.049382337536649,1.0763051247248328
0.7964601769911505,1.1358298779290408,1.0955686583460504,1.0429150849960889,1.1358298779290408,1.0764019063548298
0.9309903409752124,0.8675811125104682,1.0109158095409658,0.882793203654015,0.8675811125104701,1.073893430561583
1.3303769401330376,1.0723517803487617,1.0807227380674458,0.9649514701375884,1.072351780348761,1.0756719429220716
1.2533333333333334,1.0927097106181103,1.091563622466249,1.097309827896779,1.0927097106181103,1.0761723797615124
1.41796875,1.0922175186027252,1.0830845519331054,1.2400388057541816,1.0922175186027245,1.0756991501273114
1.263001485884101,1.094134822549463,1.0832200339114142,1.2492952145814211,1.0941348225494623,1.0757158311544102
1.1367673179396092,1.046198720223765,1.0251605031828914,1.0104412010501758,1.0461987202237646,1.0744225198675879
0.6289308176100629,1.1251987010665372,1.2041540089627694,0.980397819612664,1.125198701066539,1.0770887920526009
0.9409304756926292,1.1804266512270607,1.1543423804382626,1.1727021130612822,1.1804266512270623,1.076547404278698
1.1672473867595818,1.0873022475425551,1.086862420351142,0.8534472308416763,1.0873022475425567,1.0758075365694335
1.1940298507462686,1.1691320193945107,1.151628178484237,1.0477120613885296,1.1691320193945123,1.076740397577067
1.1875,1.1358890369717543,1.14676236174598,1.182624507635272,1.1358890369717556,1.076483638613085
0.9050772626931568,1.075376141639262,1.0855406658171003,1.1456639936212436,1.0753761416392633,1.0757765913049782
